order_id,customer_id,order_date,country,n_lines,total_quantity,order_value_gbp,max_line_value_gbp,avg_unit_price,max_unit_price,min_unit_price,top_stock_code,top_category,top_description,returned,return_event_date,returned_units,log_order_value,avg_qty_per_line,price_spread,basket_concentration,hour,day_of_week,is_weekend,month,days_to_christmas,region,prior_orders,prior_returns_observed,is_new_customer,days_since_last_order,customer_tenure_days,prior_avg_order_value,prior_return_rate,discount_pct,category_return_rate,category_order_count
503705,135,2011-03-03 16:44:25.521298376,United Kingdom,4,8,29.23,11.76,4.1925,7.03,2.31,20099,200,ITEM 20099,0,,0.0,3.408834808791367,2.0,3.0432900432900434,0.4023263770099213,16,3,0,3,68,UK,3,1,0,17.372754768504212,387.6065560775438,44.43,0.3333333333333333,-0.1192801072180738,0.2016313677367254,1463.0
503418,244,2011-03-03 20:20:35.098232048,United Kingdom,4,13,34.0,22.56,2.34,2.82,1.64,20037,200,ITEM 20037,0,,0.0,3.5553480614894135,3.25,1.7195121951219512,0.6635294117647058,20,3,0,3,68,UK,4,2,0,39.112518369540645,347.29338060323033,73.3825,0.5,0.1627677911844373,0.2016313677367254,1463.0
501485,384,2011-03-03 21:55:24.556528608,United Kingdom,1,9,11.97,11.97,1.33,1.33,1.33,20021,200,ITEM 20021,0,,0.0,2.5626389983283526,9.0,1.0,1.0,21,3,0,3,68,UK,4,0,0,70.61594771885116,260.0707095828664,42.1475,0.0,0.6144927536231883,0.2016313677367254,1463.0
502975,61,2011-03-04 02:02:30.556287232,France,5,20,94.28999999999999,34.08,3.6979999999999995,5.68,1.51,20097,200,ITEM 20097,0,,0.0,4.556924873360097,4.0,3.7615894039735096,0.36143811644925233,2,4,0,3,69,EU,4,1,0,65.39106724141185,224.2327493057435,67.43499999999999,0.25,-0.3640506329113924,0.2016313677367254,1463.0
503982,45,2011-03-04 03:06:20.943811720,EIRE,5,27,82.74,41.94,2.648,4.66,1.72,20018,200,ITEM 20018,1,2011-03-21 12:11:20.972079129,9.0,4.4277167605909975,5.4,2.7093023255813953,0.5068890500362582,3,4,0,3,69,EU,7,1,0,1.7323602152396296,421.4299812071948,90.35285714285715,0.14285714285714285,0.128915091856609,0.2016313677367254,1463.0
503336,125,2011-03-04 07:47:51.840308760,France,3,9,20.9,13.2,2.1966666666666668,3.3,1.47,20072,200,ITEM 20072,0,,0.0,3.086486636822455,3.0,2.2448979591836733,0.631578947368421,7,4,0,3,69,EU,3,2,0,115.76044752556352,297.28542021808875,64.42,0.6666666666666666,0.38619676945668135,0.2016313677367254,1463.0
502695,420,2011-03-04 18:10:19.375482032,United Kingdom,1,11,5.83,5.83,0.53,0.53,0.53,20114,201,ITEM 20114,0,,0.0,1.9213246735826988,11.0,1.0,1.0,18,4,0,3,69,UK,4,2,0,10.459817597131712,413.1271036407091,80.63499999999999,0.5,0.8479196556671449,0.20019785329178413,295.0
503075,442,2011-03-04 20:17:46.833153784,United Kingdom,6,38,124.58,40.32,3.76,10.29,1.17,20060,200,ITEM 20060,0,,0.0,4.832943005685963,6.333333333333333,8.794871794871794,0.32364745545031304,20,4,0,3,69,UK,11,2,0,1.5874777757739815,360.67913779850187,80.0290909090909,0.18181818181818182,0.07012502332524717,0.2016313677367254,1463.0
502324,347,2011-03-04 22:22:05.142590984,Spain,1,5,28.0,28.0,5.6,5.6,5.6,20080,200,ITEM 20080,0,,0.0,3.367295829986474,5.0,1.0,1.0,22,4,0,3,69,EU,4,2,0,49.448066019134906,357.1393180341173,75.81250000000001,0.5,-0.674140508221226,0.2016313677367254,1463.0
501302,119,2011-03-05 06:13:12.007128072,Spain,5,35,228.60999999999999,92.8,6.4719999999999995,9.28,4.21,20045,200,ITEM 20045,0,,0.0,5.436382217503931,7.0,2.204275534441805,0.40593149905953374,6,5,1,3,70,EU,4,0,0,9.280933255706435,354.90284531113684,122.225,0.0,-0.9343402293015188,0.2016313677367254,1463.0
500462,445,2011-03-05 09:15:00.367778688,United Kingdom,2,12,41.16,31.2,3.1950000000000003,3.9,2.49,20016,200,ITEM 20016,1,2011-03-16 09:10:40.773117127,4.0,3.741471904233107,6.0,1.5662650602409638,0.7580174927113703,9,5,1,3,70,UK,3,1,0,2.6211029261607406,325.9664209500713,99.42333333333333,0.3333333333333333,0.13017751479289952,0.2016313677367254,1463.0
500533,419,2011-03-05 14:13:57.123716232,United Kingdom,2,12,41.71,26.810000000000002,3.4050000000000002,3.83,2.98,20111,201,ITEM 20111,0,,0.0,3.754433084853375,6.0,1.2852348993288591,0.6427715176216735,14,5,1,3,70,UK,9,3,0,12.510272733014954,382.8818467597482,113.72555555555556,0.3333333333333333,-0.018559218559218493,0.20019785329178413,295.0
502040,50,2011-03-05 17:49:19.921860712,France,2,7,27.52,22.0,3.58,4.4,2.76,20009,200,ITEM 20009,0,,0.0,3.3506055955460954,3.5,1.5942028985507248,0.7994186046511628,17,5,1,3,70,EU,1,0,0,406.1448619406513,406.1448619406513,83.64,0.0,-0.14714464360150048,0.2016313677367254,1463.0
502150,267,2011-03-05 19:12:57.200626024,United Kingdom,2,16,51.76,43.76,3.235,5.47,1.0,20034,200,ITEM 20034,1,2011-04-13 17:58:26.037491413,8.0,3.965753327849114,8.0,5.47,0.8454404945904173,19,5,1,3,70,UK,2,0,0,38.083733557038336,162.50440834866453,91.88499999999999,0.0,0.05685131195335269,0.2016313677367254,1463.0
503817,490,2011-03-05 19:55:54.186428856,United Kingdom,4,25,192.64000000000001,116.27000000000001,8.4,15.64,3.57,20017,200,ITEM 20017,0,,0.0,5.266000765071493,6.25,4.380952380952381,0.6035610465116279,19,5,1,3,70,UK,6,0,0,126.76980309605241,411.72809018640316,85.315,0.0,-1.1254482264026042,0.2016313677367254,1463.0
500659,340,2011-03-05 23:57:30.497835992,United Kingdom,5,14,39.5,19.259999999999998,3.154,7.89,0.83,20061,200,ITEM 20061,0,,0.0,3.7013019741124933,2.8,9.506024096385541,0.4875949367088607,23,5,1,3,70,UK,8,1,0,53.72449830287185,357.4707197049526,59.3675,0.125,0.2948946804712602,0.2016313677367254,1463.0
502484,154,2011-03-06 03:51:42.396489880,EIRE,4,29,83.37,27.84,3.3775,6.96,1.71,20074,200,ITEM 20074,0,,0.0,4.435211888177536,7.25,4.0701754385964914,0.33393306944944223,3,6,1,3,71,EU,5,1,0,133.47065429078467,369.0412266596327,64.176,0.2,0.19445383834967855,0.2016313677367254,1463.0
502008,129,2011-03-06 06:42:20.160985496,France,5,36,98.4,46.97,2.434,4.27,1.04,20016,200,ITEM 20016,1,2011-03-07 22:41:00.454946740,1.0,4.599152113662528,7.2,4.10576923076923,0.4773373983739837,6,6,1,3,71,EU,7,1,0,96.48490094406597,416.8172362218998,79.86428571428571,0.14285714285714285,0.3147632311977715,0.2016313677367254,1463.0
500201,70,2011-03-06 06:56:23.442911448,United Kingdom,5,14,52.07,23.1,3.7659999999999996,6.45,1.59,20021,200,ITEM 20021,0,,0.0,3.9716117968398037,2.8,4.056603773584905,0.4436335701939697,6,6,1,3,71,UK,8,2,0,98.52436220211959,383.35432042331905,65.33875,0.25,-0.17566041995935877,0.2016313677367254,1463.0
501254,112,2011-03-06 13:49:45.146424032,United Kingdom,6,41,170.32,50.4,4.328333333333333,7.2,1.82,20083,200,ITEM 20083,0,,0.0,5.14353315274717,6.833333333333333,3.956043956043956,0.2959135744480977,13,6,1,3,71,UK,10,1,0,13.627051569861342,349.2311933549946,102.37500000000001,0.1,-0.19531195171590987,0.2016313677367254,1463.0
501958,426,2011-03-06 14:13:28.172723088,France,5,37,149.03,52.0,3.8299999999999996,5.2,2.67,20074,200,ITEM 20074,0,,0.0,5.010835274098922,7.4,1.9475655430711611,0.34892303563041,14,6,1,3,71,EU,6,1,0,64.31206699338745,325.49760997011094,59.855,0.16666666666666666,-0.13283417581999912,0.2016313677367254,1463.0
502819,441,2011-03-06 17:57:14.828073328,United Kingdom,4,29,247.71,89.60000000000001,8.265,10.21,6.91,20000,200,ITEM 20000,0,,0.0,5.516287559088249,7.25,1.4775687409551377,0.36171329377094186,17,6,1,3,71,UK,3,1,0,40.58738097064338,229.50798819126936,62.376666666666665,0.3333333333333333,-1.2524210047738125,0.2016313677367254,1463.0
502595,163,2011-03-06 20:02:54.796603848,EIRE,4,20,55.44,24.5,3.015,3.61,2.45,20070,200,ITEM 20070,1,2011-04-03 02:56:38.542788782,6.0,4.033178126984613,5.0,1.473469387755102,0.44191919191919193,20,6,1,3,71,EU,4,0,0,65.45315055936047,405.9514712983316,77.08500000000001,0.0,0.18638098033460526,0.2016313677367254,1463.0
502726,388,2011-03-06 20:28:36.878575088,United Kingdom,4,24,82.74000000000001,55.88,2.9124999999999996,5.08,1.21,20071,200,ITEM 20071,0,,0.0,4.4277167605909975,6.0,4.198347107438017,0.6753686246072033,20,6,1,3,71,UK,6,1,0,61.01045808636597,395.99628715308586,96.70833333333333,0.16666666666666666,-0.10129109543458026,0.2016313677367254,1463.0
503109,308,2011-03-07 00:25:33.647242648,EIRE,6,26,66.32000000000001,26.910000000000004,3.0100000000000002,4.78,1.31,20106,201,ITEM 20106,0,,0.0,4.209457369322605,4.333333333333333,3.648854961832061,0.4057599517490953,0,0,0,3,72,EU,7,0,0,7.721542844275093,423.77001454708915,77.08857142857143,0.0,0.2647450110864743,0.20019785329178413,295.0
503161,337,2011-03-07 04:25:24.928008928,United Kingdom,2,14,37.879999999999995,25.52,3.2199999999999998,4.12,2.32,20037,200,ITEM 20037,1,2011-04-02 11:17:04.677831384,11.0,3.660479979592238,7.0,1.7758620689655173,0.6737064413938755,4,0,0,3,72,UK,5,2,0,18.02081637734199,366.42002713377354,138.974,0.4,0.10375014787649373,0.2016313677367254,1463.0
503745,233,2011-03-07 09:03:24.352497040,United Kingdom,2,15,56.2,47.96,3.21,4.36,2.06,20069,200,ITEM 20069,1,2011-04-25 14:00:13.831328278,11.0,4.046553898385752,7.5,2.116504854368932,0.8533807829181494,9,0,0,3,72,UK,2,1,0,21.09863164572199,388.8458782662865,26.005,0.5,-0.22147359269723976,0.2016313677367254,1463.0
502302,157,2011-03-07 19:23:52.827936400,United Kingdom,5,36,118.74000000000001,61.29,3.142,6.81,1.45,20066,200,ITEM 20066,0,,0.0,4.785322725497206,7.2,4.696551724137931,0.5161697827185446,19,0,0,3,72,UK,5,3,0,43.66047451187852,406.2664246688061,133.956,0.6,0.016768103341199825,0.2016313677367254,1463.0
501075,343,2011-03-07 20:28:11.206008928,United Kingdom,1,9,16.740000000000002,16.740000000000002,1.86,1.86,1.86,20019,200,ITEM 20019,0,,0.0,2.8758219768814337,9.0,1.0,1.0,20,0,0,3,72,UK,4,1,0,29.94593130304713,245.38471473755212,63.3675,0.25,0.3990306946688206,0.2016313677367254,1463.0
501708,434,2011-03-07 21:26:52.945078608,United Kingdom,3,21,63.85,37.52,3.22,4.69,1.29,20008,200,ITEM 20008,0,,0.0,4.172076910762453,7.0,3.6356589147286824,0.5876272513703994,21,0,0,3,72,UK,3,1,0,242.9724065511848,390.2346161525573,43.71,0.3333333333333333,0.07544164494642336,0.2016313677367254,1463.0
502121,50,2011-03-07 21:53:01.725281320,Spain,3,16,63.81,29.0,4.956666666666666,6.21,2.86,20114,201,ITEM 20114,0,,0.0,4.171459912439625,5.333333333333333,2.1713286713286712,0.4544742203416392,21,0,0,3,72,EU,2,0,0,2.1692338358866667,408.31409577653795,55.58,0.0,-0.15765602322206096,0.20019785329178413,295.0
503512,422,2011-03-07 22:39:50.743997744,United Kingdom,2,7,15.38,8.84,2.1950000000000003,2.21,2.18,20047,200,ITEM 20047,1,2011-03-31 15:10:47.243525118,3.0,2.7960610784249234,3.5,1.013761467889908,0.5747724317295189,22,0,0,3,72,UK,6,4,0,69.98149564659597,425.26014509822915,76.23,0.6666666666666666,0.37745395668892934,0.2016313677367254,1463.0
500238,9,2011-03-08 01:33:45.347840112,EIRE,3,19,39.52,17.16,2.4,2.92,1.56,20027,200,ITEM 20027,0,,0.0,3.7017956793804827,6.333333333333333,1.8717948717948716,0.43421052631578944,1,1,0,3,73,EU,6,0,0,32.61909689003319,262.4902661814912,69.73,0.0,0.35629937291310365,0.2016313677367254,1463.0
503345,366,2011-03-08 04:09:32.163551952,United Kingdom,6,35,178.47,64.3,5.07,9.57,2.2,20108,201,ITEM 20108,0,,0.0,5.190008063041185,5.833333333333333,4.35,0.36028464167647223,4,1,0,3,73,UK,6,1,0,28.254638494971946,387.65947750354246,73.10833333333333,0.16666666666666666,-0.4628089012745378,0.20019785329178413,295.0
502510,405,2011-03-08 07:50:34.230287224,Spain,2,16,49.529999999999994,36.55,4.245,7.31,1.18,20015,200,ITEM 20015,0,,0.0,3.9225672193038172,8.0,6.194915254237288,0.7379366040783364,7,1,0,3,73,EU,3,2,0,111.68555378801949,265.66967452818585,156.80999999999997,0.6666666666666666,0.01088367448826777,0.2016313677367254,1463.0
500745,59,2011-03-08 08:08:26.652415248,United Kingdom,4,17,97.77,34.8,7.1775,15.51,4.1,20050,200,ITEM 20050,0,,0.0,4.592793914920036,4.25,3.782926829268293,0.35593740411169067,8,1,0,3,73,UK,10,2,0,12.005543295506573,427.23189735879066,60.74499999999999,0.2,-0.5993783739571403,0.2016313677367254,1463.0
501521,198,2011-03-08 09:11:22.522030848,Germany,5,35,211.16,110.07000000000001,5.247999999999999,12.23,0.64,20081,200,ITEM 20081,0,,0.0,5.357340706997498,7.0,19.109375,0.5212634968744081,9,1,0,3,73,EU,6,2,0,234.2567848518355,405.3780107051386,162.665,0.3333333333333333,-0.745196082482747,0.2016313677367254,1463.0
503107,143,2011-03-08 09:11:23.225673448,Spain,4,28,93.4,52.02,3.305,5.78,1.68,20109,201,ITEM 20109,0,,0.0,4.547541073151455,7.0,3.4404761904761907,0.5569593147751606,9,1,0,3,73,EU,7,3,0,10.477301490206852,354.8578817017785,88.39714285714285,0.42857142857142855,0.0288536521965167,0.20019785329178413,295.0
503443,433,2011-03-08 13:38:28.406202216,Spain,1,4,11.84,11.84,2.96,2.96,2.96,20113,201,ITEM 20113,0,,0.0,2.552565298261815,4.0,1.0,1.0,13,1,0,3,73,EU,8,2,0,60.09853246613639,400.4367848862332,80.21125,0.25,0.11509715994020919,0.20019785329178413,295.0
500640,372,2011-03-08 14:05:16.921581192,United Kingdom,4,30,98.3,45.9,3.325,4.59,2.27,20077,200,ITEM 20077,0,,0.0,4.598145571051127,7.5,2.0220264317180616,0.4669379450661241,14,1,0,3,73,UK,8,1,0,27.670152074198842,270.6159102249563,76.30250000000001,0.125,0.06354196437077264,0.2016313677367254,1463.0
500398,230,2011-03-08 14:51:09.664265408,United Kingdom,4,26,71.1,26.28,2.57,3.09,1.25,20117,201,ITEM 20117,0,,0.0,4.278054044290903,6.5,2.472,0.369620253164557,14,1,0,3,73,UK,10,2,0,14.135971925024306,421.14157332206537,88.12100000000001,0.2,0.24722075172048708,0.20019785329178413,295.0
502283,301,2011-03-08 21:24:01.409090480,EIRE,1,7,34.02,34.02,4.86,4.86,4.86,20016,200,ITEM 20016,0,,0.0,3.555919326857706,7.0,1.0,1.0,21,1,0,3,73,EU,3,0,0,77.38910585154889,347.027808410952,62.46666666666667,0.0,-0.18826405867970686,0.2016313677367254,1463.0
502376,215,2011-03-08 23:46:30.228012456,United Kingdom,6,38,114.31,35.19,3.9933333333333336,7.29,1.11,20074,200,ITEM 20074,0,,0.0,4.747624153783025,6.333333333333333,6.567567567567567,0.3078470824949698,23,1,0,3,73,UK,4,0,0,14.281562686185833,377.7924486423529,119.4625,0.0,0.14944752408943784,0.2016313677367254,1463.0
501840,72,2011-03-09 03:49:15.896694408,United Kingdom,2,10,44.260000000000005,24.76,4.720000000000001,6.19,3.25,20076,200,ITEM 20076,0,,0.0,3.8124236402053913,5.0,1.9046153846153848,0.5594215996384998,3,2,0,3,74,UK,5,2,0,19.509283473030926,146.4072562263981,80.358,0.4,-0.2425603593486807,0.2016313677367254,1463.0
501230,307,2011-03-09 05:39:33.701181920,United Kingdom,1,10,37.599999999999994,37.599999999999994,3.76,3.76,3.76,20091,200,ITEM 20091,1,2011-04-19 07:14:27.324683908,10.0,3.653252276470785,10.0,1.0,1.0,5,2,0,3,74,UK,2,0,0,116.45854204193847,199.7906645921759,44.39,0.0,-0.07582260371959926,0.2016313677367254,1463.0
500244,315,2011-03-09 06:48:11.539493344,Spain,1,1,1.51,1.51,1.51,1.51,1.51,20008,200,ITEM 20008,1,2011-04-02 15:29:34.463726807,1.0,0.9202827531436926,1.0,1.0,1.0,6,2,0,3,74,EU,3,0,0,21.049230903661112,327.11331209976333,97.48666666666668,0.0,0.5565345080763584,0.2016313677367254,1463.0
501128,428,2011-03-09 19:15:08.554271176,United Kingdom,3,32,132.6,77.0,4.1033333333333335,7.0,2.5,20008,200,ITEM 20008,1,2011-03-14 22:18:32.601598790,11.0,4.894850261102546,10.666666666666666,2.8,0.5806938159879337,19,2,0,3,74,UK,5,1,0,29.004180543878103,338.2569088671841,71.42,0.2,-0.2260748959778085,0.2016313677367254,1463.0
503188,289,2011-03-10 11:19:53.406018848,United Kingdom,2,16,59.94,31.589999999999996,3.78,4.05,3.51,20048,200,ITEM 20048,0,,0.0,4.109889773557563,8.0,1.153846153846154,0.527027027027027,11,3,0,3,75,UK,5,1,0,9.557331281863055,233.2603298510301,116.03799999999998,0.2,-0.040173535791756976,0.2016313677367254,1463.0
502803,397,2011-03-10 11:53:19.391273840,United Kingdom,1,9,59.22,59.22,6.58,6.58,6.58,20016,200,ITEM 20016,1,2011-04-24 16:02:32.263868264,9.0,4.0980045230535875,9.0,1.0,1.0,11,3,0,3,75,UK,3,0,0,156.70407911883726,363.5482720486571,59.76666666666667,0.0,-0.60880195599022,0.2016313677367254,1463.0
500319,111,2011-03-10 17:16:27.657740000,EIRE,2,6,23.85,20.150000000000002,3.865,4.03,3.7,20069,200,ITEM 20069,0,,0.0,3.2128577525426376,3.0,1.0891891891891892,0.8448637316561846,17,3,0,3,75,EU,3,0,0,126.29596298264148,281.28398397382415,76.19,0.0,-0.33203015917341516,0.2016313677367254,1463.0
501925,293,2011-03-10 19:09:30.774358376,United Kingdom,2,12,36.93,31.32,2.675,3.48,1.87,20031,200,ITEM 20031,0,,0.0,3.6357423557008075,6.0,1.8609625668449197,0.8480909829406986,19,3,0,3,75,UK,4,1,0,56.88901726398694,345.98413500736274,117.51,0.25,0.19119579500657025,0.2016313677367254,1463.0
501727,149,2011-03-10 22:47:57.832758912,United Kingdom,5,25,69.17,24.290000000000003,3.086,6.55,1.2,20081,200,ITEM 20081,0,,0.0,4.250920869264197,5.0,5.458333333333333,0.3511637993349718,22,3,0,3,75,UK,7,1,0,19.45731403041537,393.5705133775612,89.86142857142856,0.14285714285714285,0.24259512729263621,0.2016313677367254,1463.0
500650,0,2011-03-10 22:54:09.434906216,France,4,25,141.99,60.099999999999994,5.3625,6.85,3.26,20083,200,ITEM 20083,0,,0.0,4.962774697744756,6.25,2.1012269938650308,0.42326924431297974,22,3,0,3,75,EU,3,1,0,105.78988181476912,411.3314898519267,75.35666666666667,0.3333333333333333,-0.5622180657938167,0.2016313677367254,1463.0
502779,294,2011-03-11 08:19:50.486744592,EIRE,1,11,44.11,44.11,4.01,4.01,4.01,20080,200,ITEM 20080,0,,0.0,3.8091039514203047,11.0,1.0,1.0,8,4,0,3,76,EU,7,2,0,58.59071317706889,371.8823837176223,63.81571428571429,0.2857142857142857,-0.19880418535127076,0.2016313677367254,1463.0
501456,275,2011-03-11 13:30:52.083367552,United Kingdom,4,24,48.79,20.97,1.955,2.86,1.08,20080,200,ITEM 20080,0,,0.0,3.9078141606540915,6.0,2.648148148148148,0.4298011887681902,13,4,0,3,76,UK,5,2,0,8.13646584891926,429.30515507231036,100.40200000000002,0.4,0.40583328259148754,0.2016313677367254,1463.0
500052,371,2011-03-11 22:06:01.746532288,Spain,6,27,88.12,26.16,3.3733333333333335,5.78,1.65,20073,200,ITEM 20073,0,,0.0,4.489983776178974,4.5,3.5030303030303034,0.2968679073990014,22,4,0,3,76,EU,4,1,0,127.07855445164125,382.39285790251535,67.625,0.25,-0.07456862386439855,0.2016313677367254,1463.0
501179,467,2011-03-12 02:18:37.523270800,United Kingdom,1,8,12.24,12.24,1.53,1.53,1.53,20061,200,ITEM 20061,0,,0.0,2.5832425505088623,8.0,1.0,1.0,2,5,1,3,77,UK,4,2,0,107.20205065754222,189.34862228343962,53.1975,0.5,0.6482758620689655,0.2016313677367254,1463.0
502059,133,2011-03-12 05:27:41.220269520,United Kingdom,1,10,38.3,38.3,3.83,3.83,3.83,20022,200,ITEM 20022,0,,0.0,3.6712245188752153,10.0,1.0,1.0,5,5,1,3,77,UK,3,0,0,59.50759689025037,348.4018430531422,94.48,0.0,-0.24149108589951362,0.2016313677367254,1463.0
501141,223,2011-03-12 11:39:38.280258632,United Kingdom,2,15,40.74,23.46,2.915,3.91,1.92,20006,200,ITEM 20006,1,2011-04-13 15:59:48.029122987,6.0,3.7314599016490546,7.5,2.0364583333333335,0.5758468335787923,11,5,1,3,77,UK,10,0,0,37.674061475680276,394.239609188494,62.84100000000001,0.0,0.23428249224696918,0.2016313677367254,1463.0
500909,368,2011-03-12 15:36:33.046594392,United Kingdom,6,52,204.48000000000002,59.800000000000004,4.226666666666667,5.98,1.5,20029,200,ITEM 20029,0,,0.0,5.325348705599067,8.666666666666666,3.986666666666667,0.29244913928012517,15,5,1,3,77,UK,6,1,0,43.816510652785,410.064166267922,116.545,0.16666666666666666,-0.15154586923466806,0.2016313677367254,1463.0
500635,178,2011-03-12 18:29:19.564823936,United Kingdom,2,7,32.68,28.68,4.390000000000001,4.78,4.0,20067,200,ITEM 20067,0,,0.0,3.516904189374126,3.5,1.195,0.8776009791921665,18,5,1,3,77,UK,5,1,0,50.955659274394584,428.00790471614266,61.864,0.2,-0.24282182924510365,0.2016313677367254,1463.0
500365,175,2011-03-12 21:13:18.973678592,United Kingdom,2,6,14.799999999999999,11.28,2.29,2.82,1.76,20053,200,ITEM 20053,0,,0.0,2.760009940032921,3.0,1.602272727272727,0.7621621621621621,21,5,1,3,77,UK,3,1,0,39.642973545088935,390.74212944254856,145.62,0.3333333333333333,0.3198529411764707,0.2016313677367254,1463.0
501060,257,2011-03-13 02:19:51.790241736,United Kingdom,5,24,101.67999999999999,45.449999999999996,3.9880000000000004,8.18,0.91,20056,200,ITEM 20056,1,2011-04-13 08:05:38.086492809,1.0,4.6316173560029394,4.8,8.989010989010989,0.44699055861526354,2,6,1,3,78,UK,7,0,0,26.26328417686301,356.81167972882946,85.40285714285714,0.0,-0.1526384401745733,0.2016313677367254,1463.0
502070,320,2011-03-13 02:50:52.338099424,Germany,2,17,58.56999999999999,48.73,3.0349999999999997,4.43,1.64,20087,200,ITEM 20087,0,,0.0,4.087152091640596,8.5,2.701219512195122,0.8319959023390815,2,6,1,3,78,EU,4,0,0,138.98972147506277,391.2262027572534,52.6225,0.0,0.03477257745550455,0.2016313677367254,1463.0
500775,214,2011-03-13 03:34:52.282331216,United Kingdom,4,25,103.84,38.56,4.685,8.61,2.13,20007,200,ITEM 20007,0,,0.0,4.6524353784552055,6.25,4.04225352112676,0.3713405238828968,3,6,1,3,78,UK,7,2,0,19.86522463951227,401.78762233045086,69.50571428571428,0.2857142857142857,-0.11770087724019151,0.2016313677367254,1463.0
500421,240,2011-03-13 09:46:20.189288664,United Kingdom,4,17,89.52000000000001,46.06,4.0175,6.58,1.42,20027,200,ITEM 20027,0,,0.0,4.505570820765337,4.25,4.633802816901409,0.5145218945487041,9,6,1,3,78,UK,9,0,0,20.799606185564027,364.98625701022155,68.34444444444445,0.0,-0.6132636511083078,0.2016313677367254,1463.0
502479,362,2011-03-13 12:55:13.440791296,Spain,5,36,138.67,56.52,4.298,6.31,2.07,20002,200,ITEM 20002,1,2011-04-04 17:50:06.367732694,8.0,4.93928249731768,7.2,3.0483091787439616,0.4075863560972093,12,6,1,3,78,EU,4,0,0,102.07182029231699,343.3607023285763,116.325,0.0,-0.0882479890131449,0.2016313677367254,1463.0
503815,247,2011-03-13 17:38:03.562829192,France,6,41,158.16,51.6,3.3783333333333334,6.45,1.21,20042,200,ITEM 20042,0,,0.0,5.069909985558728,6.833333333333333,5.330578512396695,0.3262518968133536,17,6,1,3,78,EU,8,1,0,43.98780819340912,390.01286705737493,73.06125,0.125,-0.1949680782743377,0.2016313677367254,1463.0
501087,297,2011-03-14 02:32:48.719584240,United Kingdom,3,16,52.64000000000001,36.120000000000005,3.703333333333333,5.16,1.51,20038,200,ITEM 20038,1,2011-03-26 09:55:59.888006372,1.0,3.9822950584134778,5.333333333333333,3.4172185430463577,0.6861702127659575,2,0,0,3,79,UK,12,1,0,31.087666712196572,348.52958697905206,59.126666666666665,0.08333333333333333,0.07250462514315914,0.2016313677367254,1463.0
501610,265,2011-03-14 03:17:33.504064824,Germany,4,30,158.51999999999998,76.32,4.944999999999999,9.54,1.84,20072,200,ITEM 20072,1,2011-04-18 11:42:50.975936366,6.0,5.072169306213528,7.5,5.184782608695651,0.4814534443603331,3,0,0,3,79,EU,5,0,0,40.44737878757792,407.70030119294125,80.292,0.0,-0.49638929532260323,0.2016313677367254,1463.0
501470,189,2011-03-14 03:32:29.151242928,United Kingdom,5,38,129.58,44.0,3.4560000000000004,4.78,1.61,20027,200,ITEM 20027,1,2011-03-19 22:18:35.509211000,10.0,4.871986065758487,7.6,2.968944099378882,0.3395585738539898,3,0,0,3,79,UK,8,1,0,143.18367076666328,403.23763939468796,74.98250000000002,0.125,-0.02111899133175732,0.2016313677367254,1463.0
502894,286,2011-03-14 08:13:52.959114576,France,5,28,158.13,102.52000000000001,3.7,9.32,1.13,20087,200,ITEM 20087,0,,0.0,5.0697214782220925,5.6,8.24778761061947,0.6483273256181623,8,0,0,3,79,EU,3,0,0,130.140053633971,346.83186886163656,113.88333333333333,0.0,-0.5025655644241731,0.2016313677367254,1463.0
502496,148,2011-03-14 09:28:52.339801016,EIRE,3,22,148.64000000000001,113.80000000000001,5.94,11.38,2.84,20030,200,ITEM 20030,0,,0.0,5.0082324094799455,7.333333333333333,4.007042253521127,0.7656081808396125,9,0,0,3,79,EU,3,1,0,164.92758182658662,343.94078215608516,78.14333333333335,0.3333333333333333,-0.9721374552209103,0.2016313677367254,1463.0
500187,224,2011-03-14 11:15:16.916119080,United Kingdom,6,37,171.59,42.1,5.661666666666666,12.9,2.27,20001,200,ITEM 20001,1,2011-04-07 11:53:08.576417776,5.0,5.150918839543312,6.166666666666667,5.682819383259912,0.24535229325718283,11,0,0,3,79,UK,7,1,0,40.659302995059306,203.04970066731403,61.60857142857144,0.14285714285714285,-0.32783904043335266,0.2016313677367254,1463.0
500732,419,2011-03-14 11:59:58.273828712,United Kingdom,6,32,126.56,45.2,3.6183333333333336,7.7,0.61,20060,200,ITEM 20060,0,,0.0,4.848586842141857,5.333333333333333,12.622950819672132,0.35714285714285715,11,0,0,3,79,UK,10,3,0,8.906957755931481,391.7888045156797,106.524,0.3,-0.142960354014269,0.2016313677367254,1463.0
501632,240,2011-03-14 15:00:42.486737632,EIRE,2,11,35.34,21.9,3.31,4.38,2.24,20104,201,ITEM 20104,1,2011-04-11 09:55:17.563380580,5.0,3.592919062968025,5.5,1.9553571428571426,0.6196943972835313,15,0,0,3,79,EU,10,0,0,1.218313627881574,366.2045706381031,70.462,0.0,0.13254786450662737,0.20019785329178413,295.0
503205,85,2011-03-14 19:32:00.461233448,Germany,2,18,41.92,23.52,2.39,2.94,1.84,20055,200,ITEM 20055,0,,0.0,3.759337917762498,9.0,1.5978260869565217,0.5610687022900763,19,0,0,3,79,EU,5,2,0,17.743684274100463,401.55802955878215,47.292,0.4,0.3598045204642639,0.2016313677367254,1463.0
503987,239,2011-03-15 02:21:40.948817016,United Kingdom,4,21,104.82,67.44,4.0875,8.43,1.67,20054,200,ITEM 20054,0,,0.0,4.661739537475985,5.25,5.047904191616767,0.6433886662850601,2,1,0,3,80,UK,4,2,0,149.65767897873167,410.5255199726768,41.7025,0.5,-0.5004294302891497,0.2016313677367254,1463.0
502361,144,2011-03-15 02:21:59.197398064,EIRE,5,14,54.120000000000005,29.64,3.342,7.41,1.31,20096,200,ITEM 20096,1,2011-03-29 05:22:19.609857737,4.0,4.009512626705403,2.8,5.65648854961832,0.5476718403547671,2,1,0,3,80,EU,8,2,0,44.3351908461212,425.1036016640951,81.065,0.25,-0.060137120470127536,0.2016313677367254,1463.0
503226,69,2011-03-15 02:42:00.818592040,United Kingdom,2,2,5.83,5.15,2.915,5.15,0.68,20003,200,ITEM 20003,1,2011-05-03 03:21:36.396257424,1.0,1.9213246735826988,1.0,7.573529411764706,0.8833619210977702,2,1,0,3,80,UK,6,0,0,213.036212327057,404.36301146231443,118.65833333333332,0.0,0.13244047619047616,0.2016313677367254,1463.0
501465,196,2011-03-15 04:03:49.171514488,Spain,6,39,141.93,81.1,3.323333333333333,8.11,1.2,20000,200,ITEM 20000,0,,0.0,4.962354999921024,6.5,6.758333333333333,0.5714084407806664,4,1,0,3,80,EU,3,0,0,82.08838582771116,396.65214089261775,80.62,0.0,-0.05598750046501255,0.2016313677367254,1463.0
502586,141,2011-03-15 05:45:40.216359176,EIRE,6,30,152.68,83.34,5.708333333333333,13.89,1.95,20041,200,ITEM 20041,0,,0.0,5.034872518460301,5.0,7.1230769230769235,0.5458475242336914,5,1,0,3,80,EU,4,0,0,102.58435941600074,406.4761751765609,47.527499999999996,0.0,-0.5022384021252522,0.2016313677367254,1463.0
503355,150,2011-03-15 05:58:58.989712152,United Kingdom,5,31,123.56,59.92,4.286,7.49,1.52,20078,200,ITEM 20078,0,,0.0,4.824787527525743,6.2,4.927631578947368,0.4849465846552282,5,1,0,3,80,UK,10,4,0,29.180332251406575,381.9071982104054,55.349000000000004,0.4,-0.10836024398995336,0.2016313677367254,1463.0
501120,204,2011-03-15 06:21:19.758892056,Germany,2,11,28.16,15.059999999999999,2.565,2.62,2.51,20092,200,ITEM 20092,0,,0.0,3.3727979071404572,5.5,1.0438247011952193,0.5348011363636364,6,1,0,3,80,EU,6,3,0,13.5175245449125,276.3157268456249,83.24333333333333,0.5,0.24956695536309126,0.2016313677367254,1463.0
500636,274,2011-03-15 09:38:46.158006632,United Kingdom,1,1,4.08,4.08,4.08,4.08,4.08,20061,200,ITEM 20061,0,,0.0,1.6253112615903906,1.0,1.0,1.0,9,1,0,3,80,UK,6,0,0,102.82849008856675,158.72499933409256,44.56,0.0,0.06206896551724128,0.2016313677367254,1463.0
501951,257,2011-03-15 23:21:37.947074008,United Kingdom,1,11,115.28,115.28,10.48,10.48,10.48,20094,200,ITEM 20094,0,,0.0,4.756001075690675,11.0,1.0,1.0,23,1,0,3,80,UK,8,0,0,2.876228667040185,359.6879083958696,87.4375,0.0,-2.0,0.2016313677367254,1463.0
502837,208,2011-03-16 15:04:43.494573704,United Kingdom,4,25,149.45,58.4,6.4825,9.18,3.68,20043,200,ITEM 20043,0,,0.0,5.013630803076055,6.25,2.494565217391304,0.39076614252258285,15,2,0,3,81,UK,7,0,0,104.0277977672806,411.13600424821084,86.34428571428573,0.0,-0.7873587275010461,0.2016313677367254,1463.0
503082,409,2011-03-16 23:29:41.677503208,France,1,6,23.94,23.94,3.99,3.99,3.99,20102,201,ITEM 20102,0,,0.0,3.2164729402518906,6.0,1.0,1.0,23,2,0,3,81,EU,10,1,0,66.39811557834732,433.975898079328,78.771,0.1,-0.0668449197860963,0.20019785329178413,295.0
503393,13,2011-03-17 04:17:29.210877480,United Kingdom,6,47,202.64000000000001,52.83,4.42,5.87,2.73,20024,200,ITEM 20024,0,,0.0,5.316353729034136,7.833333333333333,2.15018315018315,0.26070864587445713,4,3,0,3,82,UK,2,0,0,60.67826880716671,250.91823387027867,125.08500000000001,0.0,-0.1109040074557317,0.2016313677367254,1463.0
502734,156,2011-03-17 09:08:55.858614528,United Kingdom,2,18,30.1,22.400000000000002,1.9500000000000002,3.2,0.7,20090,200,ITEM 20090,1,2011-05-14 07:54:34.477931487,11.0,3.4372078191851885,9.0,4.571428571428572,0.7441860465116279,9,3,0,3,82,UK,4,0,0,24.633412349773426,356.40748232017813,63.205,0.0,0.5998404679606487,0.2016313677367254,1463.0
502369,457,2011-03-17 09:36:16.094841640,Germany,1,3,3.51,3.51,1.17,1.17,1.17,20040,200,ITEM 20040,0,,0.0,1.506297153514587,3.0,1.0,1.0,9,3,0,3,82,EU,5,1,0,71.32149510635259,349.98601192455595,102.63999999999999,0.2,0.629746835443038,0.2016313677367254,1463.0
500858,368,2011-03-17 15:19:13.925568064,Germany,1,2,11.38,11.38,5.69,5.69,5.69,20112,201,ITEM 20112,0,,0.0,2.5160822672564502,2.0,1.0,1.0,15,3,0,3,82,EU,7,1,0,4.987973136269352,415.0521394041914,129.10714285714286,0.14285714285714285,-0.6005625879043603,0.20019785329178413,295.0
503432,98,2011-03-17 21:30:57.670787504,Spain,2,3,14.23,11.44,4.255,5.72,2.79,20050,200,ITEM 20050,0,,0.0,2.7232671669070703,1.5,2.050179211469534,0.8039353478566409,21,3,0,3,82,EU,6,1,0,24.640672321321205,379.32605563916474,92.705,0.16666666666666666,-0.23739130434782618,0.2016313677367254,1463.0
500342,60,2011-03-17 22:38:47.066318920,United Kingdom,4,23,93.75,43.7,3.81,4.66,1.95,20090,200,ITEM 20090,0,,0.0,4.5512418439625355,5.75,2.3897435897435897,0.46613333333333334,22,3,0,3,82,UK,4,3,0,100.76078400244019,387.21835329887296,108.8,0.75,-0.14030286444079554,0.2016313677367254,1463.0
502116,244,2011-03-17 22:42:27.981465432,United Kingdom,2,16,67.48,54.78,5.2,9.13,1.27,20083,200,ITEM 20083,0,,0.0,4.226541731833486,8.0,7.1889763779527565,0.8117960877296977,22,3,0,3,82,UK,5,3,0,14.09852874112713,361.39190934435743,65.506,0.6,-0.20931899641577068,0.2016313677367254,1463.0
503105,454,2011-03-18 00:56:42.932954896,United Kingdom,4,15,72.53999999999999,40.5,4.672499999999999,8.1,1.27,20094,200,ITEM 20094,1,2011-04-05 13:40:28.679697786,4.0,4.297829475873126,3.75,6.377952755905511,0.5583126550868487,0,4,0,3,83,UK,3,0,0,121.49426859123574,303.43555812989405,100.75333333333333,0.0,-0.5779856428105286,0.2016313677367254,1463.0
501851,351,2011-03-18 03:22:31.571043680,United Kingdom,4,24,87.29,41.58,3.3525,4.48,2.3,20082,200,ITEM 20082,1,2011-04-02 04:25:24.747940409,1.0,4.480626850913491,6.0,1.947826086956522,0.4763432237369687,3,4,0,3,83,UK,5,1,0,94.53886018788657,417.86663068639353,64.322,0.2,-0.10893730546909741,0.2016313677367254,1463.0
503770,336,2011-03-18 04:16:51.557721344,United Kingdom,6,33,125.72,35.6,4.058333333333334,5.79,2.65,20098,200,ITEM 20098,0,,0.0,4.841979928066116,5.5,2.1849056603773587,0.28316894686605154,4,4,0,3,83,UK,9,2,0,27.287515532761436,398.7733383937403,107.14666666666666,0.2222222222222222,-0.14374090247452687,0.2016313677367254,1463.0
503236,85,2011-03-18 06:28:40.733455456,United Kingdom,5,23,39.07,11.129999999999999,2.268,3.98,0.7,20077,200,ITEM 20077,0,,0.0,3.6906279246480533,4.6,5.685714285714286,0.28487330432556945,6,4,0,3,83,UK,6,2,0,3.4560216692362036,405.0140512280184,46.39666666666667,0.3333333333333333,0.5134495641344956,0.2016313677367254,1463.0
503756,363,2011-03-18 10:07:57.925042216,United Kingdom,2,9,60.58,56.32,5.65,7.04,4.26,20008,200,ITEM 20008,0,,0.0,4.120337142496354,4.5,1.6525821596244132,0.929679762297788,10,4,0,3,83,UK,11,3,0,47.431772803184536,367.195090638301,64.36999999999999,0.2727272727272727,-0.9504185447520925,0.2016313677367254,1463.0
501567,450,2011-03-18 12:19:41.332773456,Spain,3,14,40.94,30.4,2.77,3.55,1.72,20047,200,ITEM 20047,1,2011-05-03 03:18:49.268126300,2.0,3.7362400254737738,4.666666666666667,2.063953488372093,0.7425500732779677,12,4,0,3,83,EU,3,1,0,39.923851031914815,354.59414291477447,66.51,0.3333333333333333,0.15726636475916012,0.2016313677367254,1463.0
502722,168,2011-03-18 16:38:04.694775112,Germany,1,4,6.56,6.56,1.64,1.64,1.64,20054,200,ITEM 20054,1,2011-04-20 10:19:32.838907592,4.0,2.0228711901914416,4.0,1.0,1.0,16,4,0,3,83,EU,6,2,0,183.1217025707501,414.307407604067,95.80333333333334,0.3333333333333333,0.5169366715758469,0.2016313677367254,1463.0
503312,96,2011-03-18 16:38:35.068425024,United Kingdom,5,34,134.73,82.94,3.662,7.54,1.41,20006,200,ITEM 20006,0,,0.0,4.910667618309874,6.8,5.347517730496454,0.6156015735174052,16,4,0,3,83,UK,7,1,0,29.499222641537084,299.0869455446026,105.33000000000001,0.14285714285714285,-0.026866354178575635,0.2016313677367254,1463.0
502878,497,2011-03-18 17:09:55.418431336,Germany,2,11,72.96000000000001,59.28,5.984999999999999,7.41,4.56,20026,200,ITEM 20026,0,,0.0,4.303524406518924,5.5,1.6250000000000002,0.8124999999999999,17,4,0,3,83,EU,4,1,0,71.32567874792967,388.243397602919,115.295,0.25,-0.7301399098885464,0.2016313677367254,1463.0
503321,2,2011-03-18 21:39:51.752918728,France,6,28,234.97,152.16,6.008333333333333,19.02,1.9,20065,200,ITEM 20065,0,,0.0,5.463704678301283,4.666666666666667,10.010526315789473,0.6475720304719751,21,4,0,3,83,EU,6,4,0,157.29065527724788,422.6498866684703,85.97500000000001,0.6666666666666666,-1.3120141690445735,0.2016313677367254,1463.0
500558,284,2011-03-19 01:15:04.300448120,Spain,2,12,48.099999999999994,40.199999999999996,3.985,4.02,3.95,20068,200,ITEM 20068,0,,0.0,3.893859034800475,6.0,1.0177215189873416,0.8357588357588358,1,5,1,3,84,EU,9,4,0,26.752099062853425,432.13660260085334,79.29222222222224,0.4444444444444444,-0.027777777777777457,0.2016313677367254,1463.0
500519,489,2011-03-19 01:27:28.151331384,United Kingdom,5,23,138.88,80.3,4.3420000000000005,8.03,1.64,20040,200,ITEM 20040,1,2011-05-02 21:21:02.608332653,1.0,4.940784912195175,4.6,4.896341463414634,0.5781970046082949,1,5,1,3,84,UK,8,1,0,30.569564796675696,376.5909407990661,79.37875,0.125,-0.9358795650961804,0.2016313677367254,1463.0
502055,154,2011-03-19 04:28:18.223456496,United Kingdom,4,24,124.5,50.35,6.1825,10.07,3.16,20016,200,ITEM 20016,1,2011-04-11 10:57:50.420874607,10.0,4.832305758571839,6.0,3.1867088607594938,0.40441767068273093,4,5,1,3,84,UK,6,1,0,13.025414663965464,382.06664132359816,67.375,0.16666666666666666,-0.3073611256956841,0.2016313677367254,1463.0
502295,84,2011-03-19 04:39:23.904506752,United Kingdom,1,10,47.800000000000004,47.800000000000004,4.78,4.78,4.78,20010,200,ITEM 20010,0,,0.0,3.8877303128591016,10.0,1.0,1.0,4,5,1,3,84,UK,3,1,0,43.1056598055006,398.856172652073,80.75,0.3333333333333333,-0.27807486631016043,0.2016313677367254,1463.0
503315,390,2011-03-19 08:16:30.896488864,France,4,35,144.82,78.1,4.0125,7.81,1.36,20116,201,ITEM 20116,0,,0.0,4.9823729843782845,8.75,5.742647058823529,0.539290153293744,8,5,1,3,84,EU,6,3,0,16.055011772050463,295.2405597637048,62.52666666666667,0.5,-0.10364273738759322,0.20019785329178413,295.0
501380,485,2011-03-19 11:01:21.029343296,France,6,33,182.92000000000002,71.28,5.426666666666667,11.88,2.15,20088,200,ITEM 20088,0,,0.0,5.214500880454926,5.5,5.525581395348838,0.38967854799912527,11,5,1,3,84,EU,4,0,0,18.03654425506972,321.6253249615746,101.6875,0.0,-0.4775444264943458,0.2016313677367254,1463.0
502881,82,2011-03-19 11:31:34.298745656,United Kingdom,5,45,191.60999999999999,52.02,4.494,6.33,3.01,20071,200,ITEM 20071,0,,0.0,5.260667419096131,9.0,2.1029900332225915,0.27148896195396904,11,5,1,3,84,UK,4,1,0,121.58447837417532,266.28144393304984,125.4725,0.25,-0.2987426712305552,0.2016313677367254,1463.0
500756,491,2011-03-19 14:04:48.910215880,Spain,5,31,92.61,27.23,2.9259999999999997,4.05,1.58,20117,201,ITEM 20117,0,,0.0,4.539137215383653,6.2,2.5632911392405062,0.29402872260015117,14,5,1,3,84,EU,8,1,0,107.65198174209222,428.65206642154595,100.57124999999999,0.125,0.14242059449949074,0.20019785329178413,295.0
501188,113,2011-03-19 19:57:46.173390480,Spain,2,17,118.19999999999999,63.699999999999996,7.275,9.1,5.45,20000,200,ITEM 20000,0,,0.0,4.7808027546312495,8.5,1.6697247706422018,0.538917089678511,19,5,1,3,84,EU,6,3,0,68.14862237679277,335.5801991009913,142.68666666666664,0.5,-0.8818659449132302,0.2016313677367254,1463.0
502570,42,2011-03-19 21:11:05.193956904,Spain,4,31,127.38999999999999,74.3,3.815,7.43,1.26,20114,201,ITEM 20114,1,2011-05-06 11:11:26.424197001,10.0,4.855072506602992,7.75,5.896825396825396,0.5832482926446346,21,5,1,3,84,EU,6,2,0,19.13552651063222,437.54984003581814,77.325,0.3333333333333333,-0.14297250011215268,0.20019785329178413,295.0
501600,319,2011-03-20 00:39:14.297130000,United Kingdom,6,28,62.400000000000006,19.3,2.341666666666667,3.86,1.53,20061,200,ITEM 20061,1,2011-04-07 01:12:46.843240055,4.0,4.149463861443181,4.666666666666667,2.522875816993464,0.30929487179487175,0,6,1,3,85,UK,6,1,0,114.36240452117536,435.15393383474316,74.84,0.16666666666666666,0.40998487140695916,0.2016313677367254,1463.0
503773,58,2011-03-20 07:45:12.787259112,United Kingdom,5,37,109.62,29.36,3.226,5.56,1.81,20111,201,ITEM 20111,0,,0.0,4.706100904566532,7.4,3.071823204419889,0.267834336799854,7,6,1,3,85,UK,6,3,0,146.4505665183473,413.1264656716117,122.20166666666667,0.5,0.1435268380342214,0.20019785329178413,295.0
502809,159,2011-03-20 08:38:38.784448440,United Kingdom,4,28,138.65,68.2,5.1075,6.89,1.25,20035,200,ITEM 20035,0,,0.0,4.939139292391186,7.0,5.512,0.49188604399567254,8,6,1,3,85,UK,2,0,0,361.36321514275863,366.5034264517257,63.925,0.0,-0.31615169205942384,0.2016313677367254,1463.0
500325,306,2011-03-20 10:16:02.943951920,France,4,27,86.32000000000001,35.84,3.3075,4.48,2.0,20029,200,ITEM 20029,0,,0.0,4.4695795316817435,6.75,2.24,0.4151992585727525,10,6,1,3,85,EU,5,1,0,264.566678114836,350.583968186153,75.954,0.2,0.1571135631286006,0.2016313677367254,1463.0
501768,198,2011-03-20 11:05:47.483782760,Spain,4,19,80.94,36.0,3.705,6.0,1.8,20064,200,ITEM 20064,0,,0.0,4.405987272118725,4.75,3.333333333333333,0.4447739065974796,11,6,1,3,85,EU,7,2,0,12.079455575832315,417.45746628097095,169.59285714285716,0.2857142857142857,-0.2816087404006016,0.2016313677367254,1463.0
503503,84,2011-03-20 15:26:40.584543704,United Kingdom,2,15,43.75,24.35,3.4050000000000002,4.87,1.94,20104,201,ITEM 20104,0,,0.0,3.8010914447208646,7.5,2.5103092783505154,0.5565714285714286,15,6,1,3,85,UK,4,1,0,1.4494986115387962,400.30567126361177,72.5125,0.25,0.05097613882863361,0.20019785329178413,295.0
503898,317,2011-03-20 23:49:19.695188000,EIRE,5,26,122.87,53.46,4.724,7.45,1.97,20050,200,ITEM 20050,0,,0.0,4.819232628566109,5.2,3.7817258883248734,0.4350940017905103,23,6,1,3,85,EU,4,0,0,20.02316536009278,323.8219224536002,43.5825,0.0,-0.33235740620255916,0.2016313677367254,1463.0
502973,304,2011-03-21 04:52:26.957391944,United Kingdom,6,39,92.4,47.0,2.1016666666666666,4.7,0.76,20076,200,ITEM 20076,0,,0.0,4.536891345234797,6.5,6.184210526315789,0.5086580086580086,4,0,0,3,86,UK,6,0,0,37.491103819616065,297.8315787358953,82.41666666666666,0.0,0.32123705281716,0.2016313677367254,1463.0
503961,148,2011-03-21 05:24:38.834267776,United Kingdom,5,37,243.47,110.60999999999999,6.452,12.29,2.83,20003,200,ITEM 20003,0,,0.0,5.499092602000238,7.4,4.342756183745583,0.4543064853986117,5,0,0,3,86,UK,4,1,0,6.830399241513426,350.77118139759864,95.76750000000001,0.25,-0.8260706517662944,0.2016313677367254,1463.0
503112,488,2011-03-21 05:31:47.246990088,United Kingdom,2,10,25.919999999999998,16.08,2.8299999999999996,4.02,1.64,20081,200,ITEM 20081,0,,0.0,3.292869504776527,5.0,2.451219512195122,0.6203703703703703,5,0,0,3,86,UK,6,1,0,26.89182901860954,430.7132465662838,53.458333333333336,0.16666666666666666,0.1417218543046358,0.2016313677367254,1463.0
501573,469,2011-03-21 05:46:49.583122000,United Kingdom,3,15,71.19,34.92,5.323333333333333,8.45,3.64,20011,200,ITEM 20011,1,2011-05-17 22:37:26.140042470,9.0,4.279301532151069,5.0,2.321428571428571,0.49051833122629585,5,0,0,3,86,UK,4,1,0,59.59449143894375,321.0834879999753,92.94999999999999,0.25,-0.31979977753058964,0.2016313677367254,1463.0
500407,495,2011-03-21 06:55:42.522235928,EIRE,1,9,32.85,32.85,3.65,3.65,3.65,20116,201,ITEM 20116,1,2011-05-19 18:20:08.160688247,9.0,3.521938999358284,9.0,1.0,1.0,6,0,0,3,86,EU,2,0,0,71.49935380280056,103.49209526531537,63.885,0.0,0.03693931398416883,0.20019785329178413,295.0
501997,266,2011-03-21 11:20:35.500696408,United Kingdom,4,16,49.42,26.58,3.2125,5.42,1.4,20002,200,ITEM 20002,0,,0.0,3.9203879217597737,4.0,3.8714285714285714,0.537838931606637,11,0,0,3,86,UK,3,0,0,158.99735352078258,285.61751186909,146.94,0.0,0.06366047745358094,0.2016313677367254,1463.0
500449,130,2011-03-21 14:24:46.206748696,United Kingdom,2,3,11.03,9.26,3.2,4.63,1.77,20100,201,ITEM 20100,0,,0.0,2.4874035299865875,1.5,2.615819209039548,0.8395285584768812,14,0,0,3,86,UK,8,2,0,36.0323250595038,341.28551564991415,83.70375000000001,0.25,-0.006386861313868453,0.20019785329178413,295.0
500471,491,2011-03-21 16:08:28.882366600,United Kingdom,3,14,46.51,21.299999999999997,4.6466666666666665,7.92,2.47,20101,201,ITEM 20101,0,,0.0,3.86094021519883,4.666666666666667,3.206477732793522,0.45796602881100834,16,0,0,3,86,UK,9,1,0,2.0858793073,430.73794572884594,99.68666666666667,0.1111111111111111,0.10797851937092451,0.20019785329178413,295.0
503180,383,2011-03-21 16:43:35.306438912,France,4,27,121.67000000000002,45.760000000000005,4.9025,5.86,3.95,20020,200,ITEM 20020,1,2011-05-03 14:59:20.704604393,11.0,4.80949782304466,6.75,1.4835443037974683,0.37609928495109723,16,0,0,3,86,EU,2,1,0,64.68250950444838,396.1115136046602,86.825,0.5,-0.44776297001427934,0.2016313677367254,1463.0
500615,25,2011-03-21 19:49:27.733617480,United Kingdom,5,16,61.849999999999994,30.449999999999996,3.396,4.81,1.28,20045,200,ITEM 20045,0,,0.0,4.140750935036256,3.2,3.7578124999999996,0.4923201293451899,19,0,0,3,86,UK,6,1,0,30.33818977319,301.9213595107227,106.17833333333334,0.16666666666666666,-0.2210048366400157,0.2016313677367254,1463.0
501305,426,2011-03-21 21:48:37.062725480,United Kingdom,1,9,24.21,24.21,2.69,2.69,2.69,20116,201,ITEM 20116,0,,0.0,3.2272407411998283,9.0,1.0,1.0,21,0,0,3,86,UK,7,1,0,15.316075115768426,340.81368508587934,72.5942857142857,0.14285714285714285,0.29023746701846964,0.20019785329178413,295.0
501962,195,2011-03-21 22:41:54.158838056,United Kingdom,5,33,123.66000000000001,38.24,3.7039999999999997,4.78,2.47,20097,200,ITEM 20097,0,,0.0,4.825590031380704,6.6,1.9352226720647774,0.3092349991913311,22,0,0,3,86,UK,7,0,0,84.33950404369375,404.91262569971656,91.80285714285716,0.0,0.047009864364981335,0.2016313677367254,1463.0
501898,482,2011-03-22 00:55:36.971690760,United Kingdom,4,19,124.35,102.96,4.24,9.36,1.62,20049,200,ITEM 20049,0,,0.0,4.831109824604303,4.75,5.777777777777777,0.8279855247285887,0,1,0,3,87,UK,4,2,0,362.2171279606847,440.350141864194,43.18,0.5,-0.9639895759298742,0.2016313677367254,1463.0
503078,335,2011-03-22 02:29:30.266510064,United Kingdom,4,13,36.86,26.56,2.48,3.67,1.08,20019,200,ITEM 20019,1,2011-04-19 17:04:55.148796672,3.0,3.633895145781177,3.25,3.398148148148148,0.7205642973412913,2,1,0,3,87,UK,5,2,0,38.1285297762163,318.43944948079877,90.71,0.4,0.15950290730817462,0.2016313677367254,1463.0
501765,499,2011-03-22 04:28:56.559475328,United Kingdom,6,32,129.16,47.92,4.1466666666666665,5.99,2.86,20118,201,ITEM 20118,0,,0.0,4.868764462910782,5.333333333333333,2.0944055944055946,0.3710126974295448,4,1,0,3,87,UK,9,0,0,68.77374378113723,424.34737823091973,86.20666666666668,0.0,-0.19548315438726394,0.20019785329178413,295.0
503430,96,2011-03-22 06:03:07.217087136,Spain,5,31,133.95,66.44,4.082,6.04,1.64,20099,200,ITEM 20099,0,,0.0,4.9049043394640135,6.2,3.682926829268293,0.4960059723777529,6,1,0,3,87,EU,8,1,0,3.55870542433,302.6456509689326,109.00500000000001,0.125,-0.20768155794978127,0.2016313677367254,1463.0
503140,18,2011-03-22 06:52:38.114839152,United Kingdom,2,2,10.26,7.3,5.13,7.3,2.96,20034,200,ITEM 20034,0,,0.0,2.421256622711544,1.0,2.4662162162162162,0.7115009746588694,6,1,0,3,87,UK,5,1,0,22.444156626070278,413.60287647496637,31.552,0.2,-0.5211267605633805,0.2016313677367254,1463.0
503273,489,2011-03-22 09:09:32.980269232,United Kingdom,6,24,74.28,31.36,3.138333333333333,4.62,1.64,20010,200,ITEM 20010,1,2011-05-16 00:52:27.313197943,5.0,4.3212144952771245,4.0,2.8170731707317076,0.42218632202477113,9,1,0,3,87,UK,9,1,0,3.320889223817685,379.9118300228838,85.99,0.1111111111111111,0.15562123451176535,0.2016313677367254,1463.0
500836,255,2011-03-22 19:33:29.560482640,United Kingdom,5,19,82.96000000000001,35.52,4.24,6.5,1.56,20051,200,ITEM 20051,0,,0.0,4.430340494952432,3.8,4.166666666666667,0.42815814850530376,19,1,0,3,87,UK,7,2,0,64.56168722344616,397.62019567795926,49.9357142857143,0.2857142857142857,-0.2301304863582445,0.2016313677367254,1463.0
500922,296,2011-03-22 20:41:22.230017144,EIRE,6,28,128.97,31.589999999999996,4.956666666666666,7.53,2.62,20025,200,ITEM 20025,0,,0.0,4.867303654593497,4.666666666666667,2.8740458015267176,0.24494068387997206,20,1,0,3,87,EU,7,4,0,60.08710321637398,410.22861420195676,89.35857142857142,0.5714285714285714,-0.36570127600995384,0.2016313677367254,1463.0
502659,411,2011-03-22 20:52:26.262917616,United Kingdom,3,13,25.3,21.23,2.0,3.19,0.88,20094,200,ITEM 20094,1,2011-05-15 16:23:12.673626889,1.0,3.269568939183719,4.333333333333333,3.625,0.8391304347826087,20,1,0,3,87,UK,10,3,0,21.16011448942528,380.25695736932335,87.78800000000001,0.3,0.3377830126946735,0.2016313677367254,1463.0
500799,478,2011-03-23 00:43:32.792609760,Spain,6,51,219.75,48.480000000000004,4.576666666666667,8.08,1.68,20017,200,ITEM 20017,0,,0.0,5.39703083948407,8.5,4.809523809523809,0.22061433447098977,0,2,0,3,88,EU,5,1,0,46.23993848655097,411.6744576755002,64.48800000000001,0.2,-0.1652879414572066,0.2016313677367254,1463.0
502342,123,2011-03-23 01:37:55.553801264,United Kingdom,3,17,106.96000000000001,45.24,7.646666666666667,11.31,3.04,20049,200,ITEM 20049,0,,0.0,4.681760788149804,5.666666666666667,3.7203947368421053,0.42296185489902766,1,2,0,3,88,UK,4,0,0,82.40263501548824,369.5175529977431,106.54249999999999,0.0,-0.8505190311418687,0.2016313677367254,1463.0
502306,292,2011-03-23 06:48:55.687193312,United Kingdom,6,43,172.96,51.48,4.483333333333333,6.22,3.01,20006,200,ITEM 20006,0,,0.0,5.158825387729438,7.166666666666667,2.0664451827242525,0.297641073080481,6,2,0,3,88,UK,4,0,0,89.77193271265203,305.1117285600241,105.61500000000001,0.0,-0.0746194470332402,0.2016313677367254,1463.0
500464,66,2011-03-23 07:47:33.691612400,United Kingdom,6,45,145.49,59.49,2.9933333333333336,6.61,1.32,20053,200,ITEM 20053,0,,0.0,4.9869571667416785,7.5,5.007575757575758,0.40889408206749606,7,2,0,3,88,UK,11,0,0,20.067281388168517,403.7699788276674,49.71454545454546,0.0,0.1138924416834155,0.2016313677367254,1463.0
503298,413,2011-03-23 08:51:55.794570496,United Kingdom,5,23,88.94,28.5,5.5,11.05,1.36,20017,200,ITEM 20017,0,,0.0,4.499142781342561,4.6,8.125,0.32044074657072186,8,2,0,3,88,UK,6,3,0,46.4723451207062,366.97110915605,93.04666666666667,0.5,-0.15649177556725835,0.2016313677367254,1463.0
500907,201,2011-03-23 23:13:14.949746048,Spain,6,37,144.28,50.22,3.793333333333333,8.37,1.67,20076,200,ITEM 20076,0,,0.0,4.9786629148529835,6.166666666666667,5.0119760479041915,0.34807319101746603,23,2,0,3,88,EU,2,1,0,251.70396377941861,303.91730709535057,88.37499999999999,0.5,-0.09477198573488099,0.2016313677367254,1463.0
503350,139,2011-03-24 01:18:01.360348832,United Kingdom,2,12,116.66,83.86,9.27,11.98,6.56,20005,200,ITEM 20005,0,,0.0,4.76779910943631,6.0,1.8262195121951221,0.7188410766329505,1,3,0,3,89,UK,4,2,0,31.021215321409073,418.1250733173667,87.22,0.5,-1.683072677092916,0.2016313677367254,1463.0
502194,351,2011-03-24 01:57:37.645081304,United Kingdom,4,15,49.5,30.36,4.3575,6.84,2.76,20102,201,ITEM 20102,0,,0.0,3.9219733362813143,3.75,2.4782608695652177,0.6133333333333333,1,3,0,3,89,UK,6,1,0,5.9410425235836115,423.80767320997705,68.15,0.16666666666666666,0.09753874202370105,0.20019785329178413,295.0
503157,450,2011-03-24 03:40:24.179638248,United Kingdom,3,19,73.37,39.6,4.213333333333334,5.55,2.14,20052,200,ITEM 20052,0,,0.0,4.309052634715209,6.333333333333333,2.5934579439252334,0.5397301349325337,3,3,0,3,89,UK,4,1,0,5.639384801675833,360.2335277164503,60.11750000000001,0.25,-0.06240949898638859,0.2016313677367254,1463.0
502635,239,2011-03-24 10:26:13.644316528,United Kingdom,2,7,12.71,6.99,1.88,2.33,1.43,20044,200,ITEM 20044,0,,0.0,2.6181254935742233,3.5,1.6293706293706296,0.5499606608969315,10,3,0,3,89,UK,5,2,0,9.336489531244352,419.86200950392123,54.326,0.4,0.45520788684097724,0.2016313677367254,1463.0
501311,196,2011-03-25 00:10:41.562545632,United Kingdom,4,22,103.6,60.599999999999994,4.7475000000000005,10.1,1.27,20039,200,ITEM 20039,0,,0.0,4.650143551630823,5.5,7.95275590551181,0.5849420849420849,0,4,0,3,90,UK,4,0,0,9.838106377675278,406.4902472702931,95.9475,0.0,-0.29613411735268347,0.2016313677367254,1463.0
502674,183,2011-03-25 06:13:39.383642496,Spain,2,13,33.97,23.52,2.5149999999999997,2.94,2.09,20013,200,ITEM 20013,0,,0.0,3.5544905510752844,6.5,1.4066985645933014,0.6923756255519576,6,4,0,3,90,EU,7,0,0,95.01216329968204,426.8266188503159,128.25142857142856,0.0,0.30260726750153977,0.2016313677367254,1463.0
502645,278,2011-03-25 10:02:31.907882184,United Kingdom,6,31,81.14,39.160000000000004,3.0483333333333333,7.37,0.91,20017,200,ITEM 20017,0,,0.0,4.408425108528412,5.166666666666667,8.098901098901099,0.4826226275573084,10,4,0,3,90,UK,4,2,0,96.12635726387825,253.4426775467203,93.7875,0.5,0.268151889600433,0.2016313677367254,1463.0
501104,36,2011-03-25 20:41:38.961546112,Germany,2,11,32.629999999999995,22.68,2.885,3.78,1.99,20016,200,ITEM 20016,1,2011-03-28 12:43:46.028408197,5.0,3.515418525752178,5.5,1.899497487437186,0.6950658902850139,20,4,0,3,90,EU,1,0,0,64.10194296126922,64.10194296126922,93.31,0.0,0.2747277172705046,0.2016313677367254,1463.0
503198,174,2011-03-25 20:42:28.897373160,France,1,10,27.3,27.3,2.73,2.73,2.73,20029,200,ITEM 20029,0,,0.0,3.342861804649192,10.0,1.0,1.0,20,4,0,3,90,EU,15,6,0,45.725042295270924,442.145810233494,86.23466666666667,0.4,0.2853403141361256,0.2016313677367254,1463.0
502356,123,2011-03-26 01:32:25.089090424,United Kingdom,5,34,138.68,41.13,4.918,8.25,0.95,20106,201,ITEM 20106,0,,0.0,4.939354092091292,6.8,8.68421052631579,0.2965820594173637,1,5,1,3,91,UK,5,0,0,2.99617517695787,372.513728174701,106.626,0.0,-0.15904722106142932,0.20019785329178413,295.0
500612,362,2011-03-26 05:44:08.024846032,Germany,5,36,99.32,42.96,2.804,5.37,1.62,20001,200,ITEM 20001,0,,0.0,4.608365076884611,7.2,3.314814814814815,0.43254128070882003,5,5,1,3,91,EU,5,0,0,12.700631759892778,356.0613340884691,120.79400000000001,0.0,0.28317274728447195,0.2016313677367254,1463.0
502546,469,2011-03-26 12:49:22.178743992,Spain,3,22,71.18,44.0,3.1533333333333338,4.4,2.0,20068,200,ITEM 20068,0,,0.0,4.279162999214643,7.333333333333333,2.2,0.6181511660578813,12,5,1,3,91,EU,5,1,0,5.293432819698982,326.3769208196743,88.59799999999998,0.2,0.1168186612072708,0.2016313677367254,1463.0
503989,466,2011-03-26 15:19:29.462157544,EIRE,1,11,19.8,19.8,1.8,1.8,1.8,20112,201,ITEM 20112,0,,0.0,3.0349529867072724,11.0,1.0,1.0,15,5,1,3,91,EU,0,0,1,,0.0,,,0.49367088607594933,0.20019785329178413,295.0
500379,222,2011-03-26 15:25:52.538305112,EIRE,5,19,167.25,107.30000000000001,7.564,10.73,3.46,20115,201,ITEM 20115,0,,0.0,5.125450968524837,3.8,3.101156069364162,0.6415545590433483,15,5,1,3,91,EU,3,0,0,157.75186622572588,386.1514175840046,104.33,0.0,-1.2821859862181895,0.20019785329178413,295.0
502494,455,2011-03-26 16:15:20.677394200,United Kingdom,4,17,28.23,11.75,2.165,3.4,0.87,20102,201,ITEM 20102,0,,0.0,3.3751955791231545,4.25,3.9080459770114944,0.4162238753099539,16,5,1,3,91,UK,4,1,0,134.93127755493862,352.72322596979546,59.8175,0.25,0.5488974113135188,0.20019785329178413,295.0
502159,364,2011-03-27 03:22:14.256947728,United Kingdom,5,34,168.73,109.12,4.08,9.92,0.9,20103,201,ITEM 20103,0,,0.0,5.13420893917344,6.8,11.022222222222222,0.6467136845848398,3,6,1,3,92,UK,5,1,0,60.49501035254819,327.03985471449704,99.82600000000001,0.2,-0.44695995197667404,0.20019785329178413,295.0
500429,363,2011-03-27 03:33:10.220459416,France,5,38,284.29,120.24,6.606,13.36,1.4,20014,200,ITEM 20014,1,2011-05-23 09:42:36.993647499,11.0,5.653506206781466,7.6,9.542857142857143,0.42294839776284776,3,6,1,3,92,EU,12,3,0,8.725836752513889,375.9209273908149,64.05416666666666,0.25,-1.2046529662659946,0.2016313677367254,1463.0
502853,77,2011-03-27 09:30:04.955687680,United Kingdom,6,39,86.67,21.349999999999998,2.405,4.27,0.81,20055,200,ITEM 20055,0,,0.0,4.473579765600494,6.5,5.271604938271604,0.2463366793584862,9,6,1,3,92,UK,5,0,0,128.69255388359934,308.45184666751976,87.018,0.0,0.3666094201045055,0.2016313677367254,1463.0
502541,389,2011-03-27 15:31:25.939676896,United Kingdom,5,28,154.32999999999998,72.69999999999999,4.718,7.27,2.89,20103,201,ITEM 20103,0,,0.0,5.045551885999815,5.6,2.515570934256055,0.4710684896002073,15,6,1,3,92,UK,7,0,0,33.75521004253523,380.06289479478346,84.98714285714287,0.0,-0.5749566282273699,0.20019785329178413,295.0
501169,102,2011-03-27 20:41:48.718163360,Germany,5,22,85.97,32.67,4.174,5.44,2.28,20032,200,ITEM 20032,0,,0.0,4.465563231601674,4.4,2.385964912280702,0.38001628475049437,20,6,1,3,92,EU,7,5,0,26.09733020580111,330.41136682690234,92.27571428571427,0.7142857142857143,-0.08288197505983108,0.2016313677367254,1463.0
500018,433,2011-03-27 22:36:20.287820256,EIRE,5,39,119.54,49.830000000000005,2.876,4.53,1.64,20057,200,ITEM 20057,0,,0.0,4.7919816480548985,7.8,2.76219512195122,0.41684791701522506,22,6,1,3,92,EU,9,2,0,19.373517148356946,419.81030203459017,72.61444444444446,0.2222222222222222,0.023685070238484096,0.2016313677367254,1463.0
500105,262,2011-03-27 23:22:44.029253480,EIRE,5,30,96.43,35.1,3.152,3.98,2.39,20034,200,ITEM 20034,0,,0.0,4.57913417143725,6.0,1.6652719665271967,0.36399460748729645,23,6,1,3,92,EU,3,1,0,60.199724916560974,446.69560308034147,116.59666666666668,0.3333333333333333,0.12740928422767162,0.2016313677367254,1463.0
501308,291,2011-03-28 03:55:38.838961328,Germany,5,26,190.19,82.8,8.73,21.58,1.91,20017,200,ITEM 20017,0,,0.0,5.253267697994312,5.2,11.298429319371728,0.43535411956464587,3,0,0,3,93,EU,9,0,0,52.22145369802338,402.4264822192632,74.15,0.0,-1.285662780915755,0.2016313677367254,1463.0
503423,310,2011-03-28 12:33:46.727150888,United Kingdom,5,24,134.65,80.22,5.5,11.46,2.07,20119,201,ITEM 20119,0,,0.0,4.910078039104941,4.8,5.536231884057972,0.5957668028221315,12,0,0,3,93,UK,8,2,0,35.343482265613055,420.4270631664222,59.00625,0.25,-0.5815128024430352,0.20019785329178413,295.0
502924,465,2011-03-28 12:41:32.180265736,Spain,3,23,61.16,29.15,2.72,2.93,2.58,20045,200,ITEM 20045,0,,0.0,4.129711706059392,7.666666666666667,1.1356589147286822,0.4766187050359712,12,0,0,3,93,EU,4,2,0,235.55021621362152,407.3487509679902,90.775,0.5,0.1495515539178196,0.2016313677367254,1463.0
500712,124,2011-03-28 13:57:11.810186456,United Kingdom,1,11,71.39,71.39,6.49,6.49,6.49,20037,200,ITEM 20037,0,,0.0,4.28206816830505,11.0,1.0,1.0,13,0,0,3,93,UK,9,0,0,54.74392022425426,422.14242010767344,120.31333333333333,0.0,-1.2037351443123936,0.2016313677367254,1463.0
502521,158,2011-03-28 21:50:02.287737544,United Kingdom,1,3,8.64,8.64,2.88,2.88,2.88,20098,200,ITEM 20098,0,,0.0,2.265921108622454,3.0,1.0,1.0,21,0,0,3,93,UK,5,2,0,57.179793480946294,393.04105212433296,88.74800000000002,0.4,0.1299093655589123,0.2016313677367254,1463.0
503172,461,2011-03-28 22:04:30.434803104,United Kingdom,5,36,93.66,33.4,3.254,6.35,1.27,20039,200,ITEM 20039,0,,0.0,4.5502915244781015,7.2,5.0,0.3566090113175315,22,0,0,3,93,UK,3,1,0,93.77814802086023,177.41402658943449,102.06333333333335,0.3333333333333333,0.2522155688622755,0.2016313677367254,1463.0
502547,86,2011-03-29 02:31:51.622209728,France,4,33,112.2,48.64,3.185,6.08,0.8,20116,201,ITEM 20116,0,,0.0,4.729156165769083,8.25,7.6,0.43351158645276294,2,1,0,3,94,EU,5,1,0,103.02826130654954,329.18045221858335,87.676,0.2,0.05100228368434412,0.20019785329178413,295.0
502560,132,2011-03-29 02:49:35.209117784,United Kingdom,5,39,161.92000000000002,46.31,3.624,6.55,0.48,20041,200,ITEM 20041,0,,0.0,5.093259282780212,7.8,13.645833333333334,0.2860054347826087,2,1,0,3,94,UK,4,1,0,68.13778568254689,415.47545945220776,72.7,0.25,-0.2310967496673637,0.2016313677367254,1463.0
500603,60,2011-03-29 11:42:58.822171280,France,6,32,59.91,16.65,2.705,5.55,0.88,20009,200,ITEM 20009,0,,0.0,4.109397364848393,5.333333333333333,6.306818181818182,0.27791687531296944,11,1,0,3,94,EU,5,3,0,11.544580507550464,398.7629338064234,105.79,0.6,0.4621599784540802,0.2016313677367254,1463.0
503707,267,2011-03-29 17:48:58.462997616,United Kingdom,5,32,165.9,58.660000000000004,4.542,8.38,2.38,20079,200,ITEM 20079,0,,0.0,5.11739483066779,6.4,3.521008403361345,0.3535864978902954,17,1,0,3,94,UK,3,0,0,23.941681277448982,186.44608962611352,78.50999999999999,0.0,-0.5340515049239447,0.2016313677367254,1463.0
500414,484,2011-03-29 22:22:50.261587184,United Kingdom,2,13,48.96,39.0,3.61,3.9,3.32,20057,200,ITEM 20057,0,,0.0,3.911222685257377,6.5,1.1746987951807228,0.7965686274509803,22,1,0,3,94,UK,5,1,0,30.766055810789258,425.32310621886666,63.576,0.2,-0.3721973094170401,0.2016313677367254,1463.0
500670,143,2011-03-29 23:47:51.429034408,Spain,2,14,32.6,25.4,2.17,2.54,1.8,20002,200,ITEM 20002,0,,0.0,3.5145260669691587,7.0,1.4111111111111112,0.7791411042944785,23,1,0,3,94,EU,8,3,0,21.608659761122222,376.46654146290075,89.0225,0.375,0.37476026083621017,0.2016313677367254,1463.0
500619,316,2011-03-30 01:45:35.788465072,United Kingdom,1,10,89.1,89.1,8.91,8.91,8.91,20062,200,ITEM 20062,1,2011-05-13 12:53:03.095189780,10.0,4.500920164614292,10.0,1.0,1.0,1,2,0,3,95,UK,6,1,0,142.99584121940316,418.0582136618144,95.705,0.16666666666666666,-1.6052631578947363,0.2016313677367254,1463.0
503480,21,2011-03-30 02:38:12.675537296,United Kingdom,6,41,135.06,51.36,3.168333333333333,6.42,0.99,20049,200,ITEM 20049,0,,0.0,4.913095964916915,6.833333333333333,6.484848484848484,0.3802754331408263,2,2,0,3,95,UK,8,1,0,53.68388432665556,398.8641431365734,80.99375,0.125,0.08548600060940514,0.2016313677367254,1463.0
503890,164,2011-03-30 02:50:16.500924360,United Kingdom,4,21,129.53,84.15,5.595000000000001,7.65,4.11,20030,200,ITEM 20030,0,,0.0,4.871603085400698,5.25,1.8613138686131385,0.649656450243187,2,2,0,3,95,UK,3,0,0,227.89710360229193,290.07229072489025,100.99666666666667,0.0,-0.8255232189415826,0.2016313677367254,1463.0
502933,77,2011-03-30 05:32:09.676464576,United Kingdom,5,27,91.06,39.489999999999995,3.282,5.67,1.35,20055,200,ITEM 20055,0,,0.0,4.5224405383890955,5.4,4.199999999999999,0.4336701076213485,5,2,0,3,95,UK,6,0,0,2.8347768608437036,311.28662352836346,86.96,0.0,0.15344210477385767,0.2016313677367254,1463.0
503310,345,2011-03-30 17:23:37.025118728,United Kingdom,6,42,144.76,50.82,3.4416666666666664,7.26,2.2,20103,201,ITEM 20103,1,2011-04-04 00:39:24.917146197,5.0,4.981961433511648,7.0,3.3,0.35106382978723405,17,2,0,3,95,UK,6,0,0,130.67712786909732,379.13322327463874,78.58,0.0,0.0005178306348604389,0.20019785329178413,295.0
501994,459,2011-03-30 18:21:04.401744168,United Kingdom,6,36,156.01999999999998,61.6,3.3433333333333337,6.46,0.73,20072,200,ITEM 20072,0,,0.0,5.056373185770109,6.0,8.849315068493151,0.39482117677220874,18,2,0,3,95,UK,3,1,0,111.39063099358528,353.9228187353506,56.46,0.3333333333333333,-0.23228812889977069,0.2016313677367254,1463.0
502880,433,2011-03-30 19:09:15.209090656,United Kingdom,3,16,27.700000000000003,11.97,2.0866666666666664,3.99,0.81,20019,200,ITEM 20019,0,,0.0,3.3568971227655755,5.333333333333333,4.925925925925926,0.43212996389891695,19,2,0,3,95,UK,10,2,0,2.856191218407407,422.6664932529976,77.307,0.2,0.49553815334183204,0.2016313677367254,1463.0
502942,30,2011-03-30 19:51:16.514780312,Spain,1,4,13.12,13.12,3.28,3.28,3.28,20087,200,ITEM 20087,0,,0.0,2.647592232065096,4.0,1.0,1.0,19,2,0,3,95,EU,6,1,0,81.65189463031722,316.6424772633239,59.74666666666667,0.16666666666666666,0.16112531969309474,0.2016313677367254,1463.0
500979,51,2011-03-30 20:26:14.282560880,United Kingdom,1,8,54.4,54.4,6.8,6.8,6.8,20021,200,ITEM 20021,0,,0.0,4.014579593753238,8.0,1.0,1.0,20,2,0,3,95,UK,10,1,0,89.99258457587902,406.37178765993207,76.749,0.1,-0.9710144927536231,0.2016313677367254,1463.0
500798,89,2011-03-30 22:37:34.310636728,United Kingdom,4,35,122.99,37.2,3.605,4.34,2.51,20007,200,ITEM 20007,0,,0.0,4.820200917191751,8.75,1.7290836653386454,0.30246361492804297,22,2,0,3,95,UK,6,1,0,65.53621339993362,279.95265742077663,92.06833333333333,0.16666666666666666,-0.002935660115795269,0.2016313677367254,1463.0
502236,144,2011-03-31 05:49:52.063088552,Spain,1,9,6.209999999999999,6.209999999999999,0.69,0.69,0.69,20018,200,ITEM 20018,1,2011-05-13 09:40:33.515646974,9.0,1.9754689512968575,9.0,1.0,1.0,5,3,0,3,96,EU,9,3,0,16.144361871417686,441.2479635355128,78.07111111111111,0.3333333333333333,0.8045325779036827,0.2016313677367254,1463.0
501349,73,2011-03-31 06:16:13.781483400,United Kingdom,4,18,51.81,25.299999999999997,3.32,5.74,1.74,20021,200,ITEM 20021,0,,0.0,3.966700566718842,4.5,3.298850574712644,0.4883227176220806,6,3,0,3,96,UK,9,3,0,49.87480317781236,450.34201176261973,95.60888888888888,0.3333333333333333,0.18480056643851783,0.2016313677367254,1463.0
500331,239,2011-03-31 08:51:32.676260832,United Kingdom,6,35,90.36,32.41,2.455,4.63,0.94,20041,200,ITEM 20041,0,,0.0,4.5148077459077,5.833333333333333,4.925531914893617,0.35867640548915447,8,3,0,3,96,UK,6,2,0,6.934248054910926,426.7962575588321,47.38999999999999,0.3333333333333333,0.21773006666089523,0.2016313677367254,1463.0
500042,443,2011-03-31 12:16:08.222443616,Spain,4,24,146.03,57.9,6.895,13.04,4.08,20115,201,ITEM 20115,0,,0.0,4.990636647589566,6.0,3.1960784313725488,0.3964938711223721,12,3,0,3,96,EU,4,1,0,43.08043557255597,383.2270925414685,35.2425,0.25,-0.6708237986270023,0.20019785329178413,295.0
501917,212,2011-03-31 18:41:45.350865728,United Kingdom,3,23,87.73,43.010000000000005,3.97,4.41,3.59,20068,200,ITEM 20068,0,,0.0,4.485598050847247,7.666666666666667,1.2284122562674096,0.4902541889889434,18,3,0,3,96,UK,7,0,0,53.30237465559037,435.9018717102128,74.11857142857141,0.0,-0.16321930522407846,0.2016313677367254,1463.0
503487,432,2011-03-31 21:15:40.477925576,United Kingdom,5,30,132.34,46.64,4.394,6.96,2.1,20073,200,ITEM 20073,0,,0.0,4.892902257189914,6.0,3.314285714285714,0.35242557050022666,21,3,0,3,96,UK,6,4,0,59.29956834176357,437.8341296093473,90.44333333333334,0.6666666666666666,-0.35510956379275016,0.2016313677367254,1463.0
502308,413,2011-03-31 22:00:24.680038568,United Kingdom,6,35,130.16,49.49,4.055,7.73,1.26,20097,200,ITEM 20097,0,,0.0,4.876417951976448,5.833333333333333,6.134920634920635,0.3802243392747388,22,3,0,3,96,UK,7,3,0,8.547556544769352,375.5186657008193,92.46000000000001,0.42857142857142855,-0.055251530260651105,0.2016313677367254,1463.0
500328,440,2011-04-01 07:39:30.472513080,United Kingdom,4,28,183.82999999999998,110.19999999999999,5.05,11.02,1.66,20020,200,ITEM 20020,0,,0.0,5.219436483694589,7.0,6.63855421686747,0.5994668987651635,7,4,0,4,97,UK,9,1,0,123.41153351120643,431.71998051670437,87.16444444444444,0.1111111111111111,-1.0701576576576577,0.2016313677367254,1463.0
503779,403,2011-04-01 08:38:46.697801632,Spain,2,14,51.74,44.5,3.13,4.45,1.81,20071,200,ITEM 20071,0,,0.0,3.965374180925141,7.0,2.458563535911602,0.8600695786625434,8,4,0,4,97,EU,5,1,0,52.528058071950554,439.34883316178053,70.83000000000001,0.2,-0.16243540777353394,0.2016313677367254,1463.0
500758,199,2011-04-01 14:30:12.550980824,United Kingdom,5,30,204.56,102.30000000000001,6.874,10.23,1.9,20057,200,ITEM 20057,1,2011-04-29 05:30:08.184704253,6.0,5.325737962124029,6.0,5.38421052631579,0.5000977708251858,14,4,0,4,97,UK,6,1,0,49.68817062351139,323.44668955072393,106.36166666666666,0.16666666666666666,-1.0564994470694682,0.2016313677367254,1463.0
502416,20,2011-04-01 16:00:12.664420168,United Kingdom,6,47,191.47,78.21000000000001,3.4933333333333336,7.11,1.57,20011,200,ITEM 20011,0,,0.0,5.259940297427033,7.833333333333333,4.528662420382165,0.40847130098709983,16,4,0,4,97,UK,10,3,0,48.84890372423778,451.3030751035238,94.984,0.3,-0.19878537440520905,0.2016313677367254,1463.0
502860,480,2011-04-01 20:05:11.386943680,United Kingdom,6,33,75.77,30.599999999999998,2.1199999999999997,4.26,0.73,20023,200,ITEM 20023,0,,0.0,4.3408139388398075,5.5,5.835616438356165,0.4038537679820509,20,4,0,4,97,UK,9,2,0,30.61789258206315,346.8655332273686,98.09111111111112,0.2222222222222222,0.34477689380837084,0.2016313677367254,1463.0
501436,95,2011-04-02 12:03:31.727966160,Spain,3,16,86.51,48.580000000000005,6.6433333333333335,10.6,2.39,20057,200,ITEM 20057,1,2011-04-24 07:18:53.965469982,7.0,4.47175307254774,5.333333333333333,4.435146443514644,0.5615535776210843,12,5,1,4,98,EU,5,0,0,315.3486451702318,429.4043246757211,74.65,0.0,-0.6270453263118301,0.2016313677367254,1463.0
502290,82,2011-04-02 14:48:11.074583184,EIRE,1,9,28.53,28.53,3.17,3.17,3.17,20006,200,ITEM 20006,0,,0.0,3.3854066957558313,9.0,1.0,1.0,14,5,1,4,98,EU,5,1,0,14.136536757378796,280.41798069042864,138.7,0.2,0.15691489361702116,0.2016313677367254,1463.0
501006,343,2011-04-02 17:09:15.863874584,EIRE,6,38,196.75,79.53,4.465,7.79,1.19,20040,200,ITEM 20040,0,,0.0,5.2870036066477635,6.333333333333333,6.546218487394959,0.40421855146124525,17,5,1,4,98,EU,5,1,0,25.861859466037686,271.24657420358983,54.041999999999994,0.2,-0.4519223673529629,0.2016313677367254,1463.0
500859,174,2011-04-02 22:17:52.274098352,France,1,5,24.700000000000003,24.700000000000003,4.94,4.94,4.94,20113,201,ITEM 20113,0,,0.0,3.246490991901174,5.0,1.0,1.0,22,5,1,4,98,EU,16,6,0,8.066242786171204,450.2120530196652,82.55125,0.375,-0.4768310911808673,0.20019785329178413,295.0
501287,110,2011-04-03 00:34:55.565448456,France,6,30,129.96,77.5,4.548333333333334,11.05,0.82,20067,200,ITEM 20067,0,,0.0,4.874891933062879,5.0,13.475609756097562,0.5963373345644813,0,6,1,4,99,EU,10,2,0,35.248172163811205,304.3970119358544,61.17100000000001,0.2,-0.19464999770188918,0.2016313677367254,1463.0
500132,163,2011-04-03 07:45:06.317277344,United Kingdom,6,26,141.9,51.66,4.496666666666667,8.61,0.92,20040,200,ITEM 20040,0,,0.0,4.9621450849358215,4.333333333333333,9.358695652173912,0.3640591966173361,7,6,1,4,99,UK,5,1,0,27.487633341128426,433.43910463946,72.756,0.2,-0.6108525371778863,0.2016313677367254,1463.0
500456,422,2011-04-03 10:32:23.353243792,Germany,1,4,29.2,29.2,7.3,7.3,7.3,20047,200,ITEM 20047,0,,0.0,3.407841924380824,4.0,1.0,1.0,10,6,1,4,99,EU,7,5,0,26.494821866273703,451.7549669645029,67.53714285714285,0.7142857142857143,-1.2222222222222219,0.2016313677367254,1463.0
503344,172,2011-04-03 10:54:16.893461544,United Kingdom,4,20,92.97,52.92,3.435,5.88,1.53,20081,200,ITEM 20081,0,,0.0,4.542975582394973,5.0,3.8431372549019605,0.569215876089061,10,6,1,4,99,UK,7,1,0,39.379364953820414,398.86840015173385,79.32714285714285,0.14285714285714285,-0.25052121864281385,0.2016313677367254,1463.0
503169,36,2011-04-03 11:43:04.553021448,France,1,2,6.22,6.22,3.11,3.11,3.11,20116,201,ITEM 20116,0,,0.0,1.9768549529047348,2.0,1.0,1.0,11,6,1,4,99,EU,2,1,0,8.625990642075648,72.72793360334487,62.97,0.5,0.17941952506596315,0.20019785329178413,295.0
500679,439,2011-04-03 13:22:31.056994600,United Kingdom,3,16,27.060000000000002,12.96,3.1533333333333338,6.45,0.85,20111,201,ITEM 20111,0,,0.0,3.334345074674315,5.333333333333333,7.588235294117648,0.4789356984478936,13,6,1,4,99,UK,9,5,0,55.26505637100162,397.2542386016404,92.65444444444445,0.5555555555555556,0.5402259791011809,0.20019785329178413,295.0
501277,110,2011-04-03 20:46:37.407930944,United Kingdom,1,4,6.28,6.28,1.57,1.57,1.57,20086,200,ITEM 20086,0,,0.0,1.9851308622085946,4.0,1.0,1.0,20,6,1,4,99,UK,11,2,0,0.8414565102139815,305.23846844606834,67.42454545454547,0.18181818181818182,0.5558698727015559,0.2016313677367254,1463.0
503673,161,2011-04-04 02:07:26.044390064,Germany,2,16,22.1,12.0,1.505,2.0,1.01,20065,200,ITEM 20065,0,,0.0,3.139832617527748,8.0,1.9801980198019802,0.5429864253393665,2,0,0,4,100,EU,6,1,0,79.45796233737435,446.2792176048981,54.605,0.16666666666666666,0.5929268741941426,0.2016313677367254,1463.0
503050,6,2011-04-04 12:38:29.315629984,United Kingdom,1,5,12.25,12.25,2.45,2.45,2.45,20018,200,ITEM 20018,0,,0.0,2.583997552432231,5.0,1.0,1.0,12,0,0,4,100,UK,2,0,0,150.84421537979898,216.4269244046513,135.095,0.0,0.30594900849858364,0.2016313677367254,1463.0
501216,55,2011-04-04 14:59:21.297494840,Spain,5,25,64.28999999999999,35.21,2.818,5.47,0.78,20062,200,ITEM 20062,1,2011-04-25 21:19:23.129118979,5.0,4.178838885198542,5.0,7.012820512820512,0.5476745994711465,14,0,0,4,100,EU,7,1,0,57.65240234398815,302.4634140441802,108.06714285714285,0.14285714285714285,0.18748815165876787,0.2016313677367254,1463.0
503439,64,2011-04-04 18:24:16.407861448,Spain,4,21,89.73,56.7,3.3675,5.67,0.94,20072,200,ITEM 20072,0,,0.0,4.507888063181538,5.25,6.031914893617022,0.6318956870611836,18,0,0,4,100,EU,3,2,0,325.5999380293523,450.67889383972295,115.35333333333334,0.6666666666666666,-0.21191247974068061,0.2016313677367254,1463.0
503823,218,2011-04-04 19:41:38.740372512,United Kingdom,2,18,51.800000000000004,33.2,3.0050000000000003,4.15,1.86,20073,200,ITEM 20073,1,2011-05-24 16:59:37.579523558,8.0,3.966511190712216,9.0,2.231182795698925,0.640926640926641,19,0,0,4,100,UK,10,1,0,38.232926901461205,453.1007587590026,94.24799999999999,0.1,0.06582506762849416,0.2016313677367254,1463.0
501219,415,2011-04-04 20:30:27.435427136,Spain,5,22,76.24000000000001,31.78,3.218,6.0,1.5,20100,201,ITEM 20100,0,,0.0,4.346917457560314,4.4,4.0,0.4168415529905561,20,0,0,4,100,EU,2,1,0,210.40193220929194,293.4240536331225,82.58,0.5,-0.008599021034528365,0.20019785329178413,295.0
501268,223,2011-04-04 21:23:53.055108672,EIRE,6,30,239.41,120.01,7.801666666666667,13.43,2.37,20045,200,ITEM 20045,0,,0.0,5.482345799133678,5.0,5.666666666666666,0.5012739651643624,21,0,0,4,100,EU,11,0,0,23.40572656076435,417.64533574925844,60.83181818181819,0.0,-1.402508780732564,0.2016313677367254,1463.0
500198,140,2011-04-05 06:56:24.451277640,United Kingdom,5,29,78.13000000000001,24.4,2.82,4.88,2.05,20016,200,ITEM 20016,0,,0.0,4.371092069621102,5.8,2.380487804878049,0.3123000127991808,6,1,0,4,101,UK,4,1,0,36.64608512347759,397.763660950257,75.52250000000001,0.25,0.27824480369515003,0.2016313677367254,1463.0
503834,237,2011-04-05 08:42:47.723375864,Germany,2,10,45.02,39.92,3.77,4.99,2.55,20093,200,ITEM 20093,0,,0.0,3.82907608460722,5.0,1.9568627450980394,0.8867170146601511,8,1,0,4,101,EU,4,2,0,257.9728664513088,308.690095734883,82.0325,0.5,-0.3990055935363581,0.2016313677367254,1463.0
502947,116,2011-04-05 08:58:18.085842600,United Kingdom,6,46,276.53,71.5,6.066666666666666,9.69,2.92,20060,200,ITEM 20060,1,2011-05-29 20:22:44.949577404,11.0,5.625929035451337,7.666666666666667,3.3184931506849313,0.25856145806964886,8,1,0,4,101,UK,3,1,0,126.27230477247319,346.16232896823067,60.156666666666666,0.3333333333333333,-0.7963492269715473,0.2016313677367254,1463.0
500364,399,2011-04-05 11:57:50.758140304,France,5,24,103.45,46.72,3.7979999999999996,5.84,2.6,20060,200,ITEM 20060,0,,0.0,4.648708488002574,4.8,2.246153846153846,0.4516191396810053,11,1,0,4,101,EU,5,3,0,202.60878275087575,447.81585687266767,124.26199999999999,0.6,-0.25348358172785646,0.2016313677367254,1463.0
502828,444,2011-04-05 19:16:22.101510560,United Kingdom,2,8,45.29,36.5,5.115,7.3,2.93,20087,200,ITEM 20087,0,,0.0,3.8349259550431793,4.0,2.4914675767918086,0.8059174210642526,19,1,0,4,101,UK,7,1,0,107.70976072103889,443.1539295360723,83.08571428571427,0.14285714285714285,-0.435499207606973,0.2016313677367254,1463.0
500802,162,2011-04-05 19:27:24.624691712,United Kingdom,1,8,30.08,30.08,3.76,3.76,3.76,20042,200,ITEM 20042,0,,0.0,3.436564525499447,8.0,1.0,1.0,19,1,0,4,101,UK,3,1,0,63.16672533550792,197.33956044392218,79.39333333333333,0.3333333333333333,-0.24092409240924084,0.2016313677367254,1463.0
501695,76,2011-04-05 22:28:21.130466256,United Kingdom,3,25,95.22999999999999,57.87,3.6999999999999997,6.43,1.44,20090,200,ITEM 20090,0,,0.0,4.566741159368309,8.333333333333334,4.465277777777778,0.6076866533655361,22,1,0,4,101,UK,5,1,0,43.67815971587875,438.09391210859843,71.78399999999999,0.2,-0.011471056824216674,0.2016313677367254,1463.0
503758,478,2011-04-05 23:15:49.066438328,United Kingdom,1,7,36.89,36.89,5.27,5.27,5.27,20105,201,ITEM 20105,0,,0.0,3.6346872250305093,7.0,1.0,1.0,23,1,0,4,101,UK,6,1,0,13.939077243386203,425.6135349188865,90.36500000000001,0.16666666666666666,-0.4359673024523163,0.20019785329178413,295.0
503134,386,2011-04-06 01:28:07.185142144,United Kingdom,6,50,218.81,80.52000000000001,3.9316666666666666,7.32,2.07,20100,201,ITEM 20100,0,,0.0,5.392763536839982,8.333333333333334,3.5362318840579716,0.3679904940359216,1,2,0,4,102,UK,9,3,0,40.2142045221762,455.31702629251083,94.42777777777778,0.3333333333333333,-0.2920960170067024,0.20019785329178413,295.0
503454,319,2011-04-06 04:40:30.534427688,Spain,2,20,41.61,24.12,2.1350000000000002,2.68,1.59,20065,200,ITEM 20065,0,,0.0,3.7520889675118205,10.0,1.6855345911949686,0.5796683489545783,4,2,0,4,102,EU,7,1,0,17.167549042797315,452.32148287754046,73.06285714285715,0.14285714285714285,0.46653846153846157,0.2016313677367254,1463.0
500096,219,2011-04-07 05:26:20.592263640,United Kingdom,6,39,138.60999999999999,44.0,3.65,7.14,0.67,20075,200,ITEM 20075,0,,0.0,4.938852821000556,6.5,10.656716417910447,0.3174374143279706,5,3,0,4,103,UK,4,0,0,127.89011282420357,341.6177262284927,64.6925,0.0,-0.10640166028097053,0.2016313677367254,1463.0
500551,111,2011-04-07 05:54:03.943779920,United Kingdom,2,9,27.73,16.48,3.185,4.12,2.25,20089,200,ITEM 20089,0,,0.0,3.3579418729911983,4.5,1.8311111111111111,0.5943021997836279,5,3,0,4,103,UK,4,0,0,27.526114421758333,308.8100983955825,63.105,0.0,0.16248867411658108,0.2016313677367254,1463.0
502520,376,2011-04-07 13:21:38.060650328,Spain,2,19,45.34,28.44,2.425,3.16,1.69,20105,201,ITEM 20105,0,,0.0,3.8360055190042304,9.5,1.8698224852071008,0.6272606969563299,13,3,0,4,103,EU,7,3,0,86.22223558246894,367.7497161818935,111.07285714285715,0.42857142857142855,0.37054005275579616,0.20019785329178413,295.0
503400,55,2011-04-07 15:40:14.151390376,United Kingdom,6,40,136.07,45.76,3.123333333333333,5.72,0.87,20077,200,ITEM 20077,0,,0.0,4.920491744243289,6.666666666666667,6.57471264367816,0.33629749393694425,15,3,0,4,103,UK,8,1,0,3.028389512679815,305.49180355686,102.595,0.125,0.054642720672525846,0.2016313677367254,1463.0
501602,264,2011-04-07 15:59:57.225518000,Spain,2,11,99.14000000000001,93.80000000000001,7.36,9.38,5.34,20102,201,ITEM 20102,0,,0.0,4.606569206901799,5.5,1.7565543071161052,0.9461367762759734,15,3,0,4,103,EU,9,1,0,72.95468930583564,417.386836107676,79.84777777777776,0.1111111111111111,-1.42041015625,0.20019785329178413,295.0
500945,211,2011-04-07 16:16:53.554996448,United Kingdom,1,7,47.04,47.04,6.72,6.72,6.72,20093,200,ITEM 20093,0,,0.0,3.872033997211783,7.0,1.0,1.0,16,3,0,4,103,UK,5,1,0,174.85451910163272,414.17314071145836,31.32,0.2,-1.0180180180180178,0.2016313677367254,1463.0
501433,436,2011-04-07 19:29:09.470373112,Germany,6,47,155.8,51.6,3.0666666666666664,6.45,0.91,20048,200,ITEM 20048,0,,0.0,5.054971107916307,7.833333333333333,7.087912087912088,0.331193838254172,19,3,0,4,103,EU,6,3,0,87.8769055008388,363.36056436134714,83.51666666666667,0.5,0.11240243832963015,0.2016313677367254,1463.0
501021,140,2011-04-07 22:44:03.898309256,United Kingdom,4,23,106.89,59.84,4.1025,7.48,2.55,20081,200,ITEM 20081,0,,0.0,4.681112189563248,5.75,2.9333333333333336,0.5598278604172514,22,3,0,4,103,UK,5,1,0,2.6580954517548148,400.42175640201185,76.04400000000001,0.2,-0.2857400613460035,0.2016313677367254,1463.0
503860,117,2011-04-08 18:36:37.106492712,United Kingdom,4,13,29.88,11.44,2.4,3.27,1.49,20013,200,ITEM 20013,1,2011-05-07 23:57:22.257385531,2.0,3.4301087251565754,3.25,2.1946308724832213,0.3828647925033467,18,4,0,4,104,UK,2,0,0,54.48013458056435,277.2496733224426,70.78,0.0,0.32770840364495446,0.2016313677367254,1463.0
502967,429,2011-04-08 22:24:35.568804528,Germany,4,15,24.28,13.98,2.2525,4.66,0.63,20067,200,ITEM 20067,1,2011-05-04 10:11:18.005737205,1.0,3.2300135692786567,3.75,7.396825396825397,0.5757825370675453,22,4,0,4,104,EU,6,1,0,80.61125674736454,397.3940782244423,125.01166666666666,0.16666666666666666,0.48158428525675245,0.2016313677367254,1463.0
500272,284,2011-04-08 22:52:51.798165408,United Kingdom,6,46,216.38,75.02000000000001,4.465,6.82,2.42,20060,200,ITEM 20060,0,,0.0,5.381646974135041,7.666666666666667,2.8181818181818183,0.34670487106017195,22,4,0,4,104,UK,10,4,0,20.901244186542684,453.037846787396,76.17300000000002,0.4,-0.34862413911309154,0.2016313677367254,1463.0
503801,354,2011-04-09 07:07:58.408400328,United Kingdom,6,31,100.28,52.83,3.5283333333333338,7.32,0.91,20101,201,ITEM 20101,0,,0.0,4.617888958395866,5.166666666666667,8.043956043956044,0.52682489030714,7,5,1,4,105,UK,5,0,0,39.45326909089639,381.43683322841093,72.412,0.0,0.0864534936685798,0.20019785329178413,295.0
502072,305,2011-04-09 08:13:48.196722720,Spain,6,40,170.18,83.07000000000001,3.8766666666666665,9.23,1.08,20019,200,ITEM 20019,0,,0.0,5.142715634453464,6.666666666666667,8.546296296296296,0.4881302150664003,8,5,1,4,105,EU,6,3,0,87.87258220232538,283.2809173964237,54.315000000000005,0.5,-0.23015758276709564,0.2016313677367254,1463.0
501027,211,2011-04-09 12:44:38.944785040,EIRE,3,19,82.3,51.870000000000005,4.746666666666666,7.41,2.36,20095,200,ITEM 20095,1,2011-05-07 08:15:38.859967499,11.0,4.422448549172797,6.333333333333333,3.1398305084745766,0.6302551640340219,12,5,1,4,105,EU,6,1,0,1.8526086781087037,416.025749389567,33.94,0.16666666666666666,-0.40780020526855965,0.2016313677367254,1463.0
503667,126,2011-04-09 14:05:13.198855568,France,3,11,45.38,19.5,4.766666666666667,7.86,2.54,20068,200,ITEM 20068,0,,0.0,3.8368683318273855,3.6666666666666665,3.0944881889763782,0.4297047157338034,14,5,1,4,105,EU,6,0,0,64.62882107960166,359.25728936497666,83.40166666666669,0.0,-0.13677354709418843,0.2016313677367254,1463.0
501956,103,2011-04-09 18:47:27.238442144,Germany,5,29,110.27000000000001,49.76,3.7939999999999996,6.22,1.7,20102,201,ITEM 20102,0,,0.0,4.711959680169609,5.8,3.6588235294117646,0.45125600798041166,18,5,1,4,105,EU,5,0,0,184.56695960078918,391.68669968540655,79.286,0.0,-0.05703604294478537,0.20019785329178413,295.0
502046,392,2011-04-10 01:26:13.579006400,Spain,1,10,9.7,9.7,0.97,0.97,0.97,20054,200,ITEM 20054,0,,0.0,2.3702437414678603,10.0,1.0,1.0,1,6,1,4,106,EU,9,1,0,49.54207389316551,431.72173306768354,72.86333333333334,0.1111111111111111,0.7142857142857144,0.2016313677367254,1463.0
502047,75,2011-04-10 02:53:37.063777640,EIRE,5,28,113.67999999999999,66.00999999999999,3.5740000000000003,9.43,1.42,20060,200,ITEM 20060,0,,0.0,4.742145641015169,5.6,6.640845070422535,0.5806650246305418,2,6,1,4,106,EU,5,0,0,86.05589620684125,390.00102187052715,105.756,0.0,-0.1213257052673109,0.2016313677367254,1463.0
503203,61,2011-04-10 03:00:38.973318824,United Kingdom,4,23,66.84,34.56,2.57,4.32,1.52,20059,200,ITEM 20059,0,,0.0,4.2171519914836475,5.75,2.8421052631578947,0.5170556552962298,3,6,1,4,106,UK,5,1,0,37.04037519712491,261.2731245028684,72.806,0.2,0.1915331115814939,0.2016313677367254,1463.0
503946,27,2011-04-10 06:01:47.950034392,United Kingdom,2,4,6.529999999999999,5.22,1.525,1.74,1.31,20073,200,ITEM 20073,0,,0.0,2.018895041811802,2.0,1.3282442748091603,0.7993874425727412,6,6,1,4,106,UK,4,1,0,147.5121872111582,446.70255089857426,84.5175,0.25,0.4955581305523369,0.2016313677367254,1463.0
503650,141,2011-04-10 10:17:44.249299152,EIRE,5,28,112.52000000000001,44.82000000000001,4.836,8.63,3.08,20044,200,ITEM 20044,0,,0.0,4.731979032851787,5.6,2.801948051948052,0.3983291859225027,10,6,1,4,106,EU,5,0,0,26.188935566434907,432.6651107429958,68.55799999999999,0.0,-0.24002644919550353,0.2016313677367254,1463.0
500234,342,2011-04-10 10:38:40.896331000,United Kingdom,4,33,238.14000000000004,173.14000000000001,6.2775,15.74,0.92,20003,200,ITEM 20003,0,,0.0,5.477049154491434,8.25,17.108695652173914,0.7270513143529016,10,6,1,4,106,UK,4,0,0,77.9293953451112,274.01899043785414,71.845,0.0,-1.1075268817204305,0.2016313677367254,1463.0
501506,358,2011-04-10 13:50:11.592612368,Germany,2,12,95.39,62.44,7.755,8.92,6.59,20055,200,ITEM 20055,0,,0.0,4.568402461795877,6.0,1.3535660091047041,0.6545759513575846,13,6,1,4,106,EU,7,1,0,214.5729106046809,421.76056880706113,97.83285714285714,0.14285714285714285,-1.1918658088235294,0.2016313677367254,1463.0
502134,164,2011-04-10 14:22:17.761715408,Spain,1,11,13.86,13.86,1.26,1.26,1.26,20090,200,ITEM 20090,0,,0.0,2.698673039289613,11.0,1.0,1.0,14,6,1,4,106,EU,4,0,0,11.480570148044537,301.5528608729348,108.13,0.0,0.6777493606138107,0.2016313677367254,1463.0
500903,453,2011-04-10 14:59:37.608523512,United Kingdom,2,14,58.06,53.92,3.715,6.74,0.69,20046,200,ITEM 20046,1,2011-06-01 06:45:05.070070886,8.0,4.078553876315777,7.0,9.768115942028986,0.9286944540130899,14,6,1,4,106,UK,5,1,0,125.7264962301069,420.72182990316844,60.188,0.2,-0.4088813394807089,0.2016313677367254,1463.0
503233,438,2011-04-10 17:04:45.586187176,United Kingdom,3,5,22.400000000000002,18.66,3.32,6.22,1.35,20040,200,ITEM 20040,0,,0.0,3.152736022363656,1.6666666666666667,4.607407407407407,0.8330357142857142,17,6,1,4,106,UK,6,2,0,87.32246505573153,450.3460736022544,61.570000000000014,0.3333333333333333,-0.3913043478260869,0.2016313677367254,1463.0
503633,174,2011-04-10 22:34:41.355422104,France,6,28,130.5,37.38,4.833333333333333,6.23,1.99,20025,200,ITEM 20025,1,2011-05-23 06:11:34.880057288,6.0,4.879006851617819,4.666666666666667,3.1306532663316586,0.28643678160919545,22,6,1,4,106,EU,17,6,0,8.011679181987871,458.22373220165304,79.14823529411764,0.35294117647058826,-0.39542343883661224,0.2016313677367254,1463.0
500648,341,2011-04-10 23:10:43.708476376,United Kingdom,3,21,49.06999999999999,21.56,2.3633333333333333,3.03,1.96,20059,200,ITEM 20059,0,,0.0,3.9134220263418533,7.0,1.5459183673469388,0.4393723252496434,23,6,1,4,106,UK,4,1,0,70.82717607269889,458.5023192426163,67.35249999999999,0.25,0.4052481667777711,0.2016313677367254,1463.0
503862,466,2011-04-11 00:34:57.865746496,Germany,2,12,38.720000000000006,37.730000000000004,2.21,3.43,0.99,20093,200,ITEM 20093,0,,0.0,3.681854839176972,6.0,3.464646464646465,0.9744318181818181,0,0,0,4,107,EU,1,0,0,15.385745411909166,15.385745411909166,19.8,0.0,0.045600197190041714,0.2016313677367254,1463.0
503495,432,2011-04-11 03:28:34.998422304,Spain,5,33,179.29,59.01,4.894,8.43,1.62,20065,200,ITEM 20065,0,,0.0,5.194566665554109,6.6,5.203703703703703,0.3291315745440348,3,0,0,4,107,EU,7,4,0,10.258964357601018,448.09309396694835,96.42857142857144,0.5714285714285714,-0.6118852827474603,0.2016313677367254,1463.0
502016,433,2011-04-11 03:59:52.422653152,United Kingdom,4,34,120.22,51.37,3.79,5.15,1.9,20010,200,ITEM 20010,0,,0.0,4.797607076523139,8.5,2.710526315789474,0.4272999500914989,3,0,0,4,107,UK,11,2,0,11.368486268084444,434.03497952108205,72.79727272727274,0.18181818181818182,-0.010082339102671645,0.2016313677367254,1463.0
500285,77,2011-04-11 04:24:08.675457664,Germany,4,34,173.36,73.7,4.9399999999999995,6.7,2.82,20046,200,ITEM 20046,0,,0.0,5.1611221273701915,8.5,2.375886524822695,0.42512690355329946,4,0,0,4,107,EU,7,0,0,11.95276619204963,323.2393897204131,87.54571428571428,0.0,-0.6346235443873463,0.2016313677367254,1463.0
502523,232,2011-04-11 10:09:54.206322312,United Kingdom,4,24,172.52,60.970000000000006,8.442499999999999,11.09,3.52,20075,200,ITEM 20075,0,,0.0,5.156292866518619,6.0,3.1505681818181817,0.3534083004869001,10,0,0,4,107,UK,1,0,0,261.3387553609951,261.3387553609951,148.76,0.0,-1.2863958650851504,0.2016313677367254,1463.0
502764,346,2011-04-11 11:57:45.422974352,United Kingdom,2,10,21.68,16.48,2.33,2.6,2.06,20040,200,ITEM 20040,0,,0.0,3.121483478859551,5.0,1.2621359223300972,0.7601476014760148,11,0,0,4,107,UK,6,0,0,116.73117014580218,320.36636260425485,126.555,0.0,0.289646133682831,0.2016313677367254,1463.0
503262,325,2011-04-11 12:24:33.946297536,United Kingdom,6,38,168.82,63.36,4.296666666666667,7.34,0.92,20016,200,ITEM 20016,0,,0.0,5.134739052571217,6.333333333333333,7.978260869565217,0.3753109821111243,12,0,0,4,107,UK,5,1,0,73.14004916130213,338.75645897573963,88.886,0.2,-0.23614263747528752,0.2016313677367254,1463.0
501263,60,2011-04-11 14:52:27.429202672,Germany,4,27,90.91,56.25,3.4725,6.25,0.6,20067,200,ITEM 20067,0,,0.0,4.5208098373700185,6.75,10.416666666666668,0.6187438125618744,14,0,0,4,107,EU,6,3,0,13.131581099900371,411.8945149063238,98.14333333333333,0.5,0.04626521191775068,0.2016313677367254,1463.0
501468,479,2011-04-11 20:25:47.609420232,Spain,5,31,94.93,42.900000000000006,4.24,8.25,1.03,20070,200,ITEM 20070,0,,0.0,4.563618758829857,6.2,8.009708737864077,0.45191193511008115,20,0,0,4,107,EU,6,2,0,81.3117984257431,285.5318685755594,83.55499999999999,0.3333333333333333,0.1513499016627926,0.2016313677367254,1463.0
503726,77,2011-04-12 00:52:43.944860904,Spain,3,18,135.9,73.7,7.116666666666667,9.51,5.14,20098,200,ITEM 20098,0,,0.0,4.919250732294404,6.0,1.850194552529183,0.5423105224429727,0,1,0,4,108,EU,8,0,0,0.853185988463426,324.09257570887655,98.2725,0.0,-1.205989773557341,0.2016313677367254,1463.0
501478,478,2011-04-12 05:04:43.855251432,France,1,3,10.74,10.74,3.58,3.58,3.58,20000,200,ITEM 20000,0,,0.0,2.4630018143999504,3.0,1.0,1.0,5,1,0,4,108,EU,7,1,0,6.242300796447963,431.8558357153344,82.72571428571429,0.14285714285714285,0.12254901960784315,0.2016313677367254,1463.0
503631,430,2011-04-12 13:05:02.649955544,United Kingdom,3,25,104.07000000000001,70.4,4.246666666666667,8.8,1.79,20091,200,ITEM 20091,0,,0.0,4.654626794700684,8.333333333333334,4.916201117318436,0.6764677620832132,13,1,0,4,108,UK,6,0,0,141.00606327436017,403.2943499298996,74.85666666666667,0.0,-0.10789375632086018,0.2016313677367254,1463.0
503462,368,2011-04-12 14:17:48.504774144,United Kingdom,1,7,55.09,55.09,7.87,7.87,7.87,20100,201,ITEM 20100,0,,0.0,4.026957543520246,7.0,1.0,1.0,14,1,0,4,108,UK,8,1,0,25.957344666737036,441.0094840709284,114.39125,0.125,-1.0875331564986737,0.20019785329178413,295.0
501249,242,2011-04-13 00:40:58.607171008,United Kingdom,2,11,28.27,21.07,2.405,3.01,1.8,20071,200,ITEM 20071,0,,0.0,3.3765631007037946,5.5,1.672222222222222,0.7453130527060489,0,2,0,4,109,UK,6,1,0,156.62820977623485,404.0006844783988,44.296666666666674,0.16666666666666666,0.1371890737066993,0.2016313677367254,1463.0
502315,200,2011-04-13 00:50:11.418888432,Spain,4,23,89.78,45.36,4.08,5.04,2.0,20048,200,ITEM 20048,1,2011-05-10 08:07:51.063152184,4.0,4.508438997028319,5.75,2.52,0.5052350189351749,0,2,0,4,109,EU,3,0,0,228.82791094697282,333.72284588926095,136.12333333333333,0.0,-0.04596027261606572,0.2016313677367254,1463.0
502556,277,2011-04-13 01:11:56.513517984,Spain,3,20,116.66000000000001,80.01,5.0,8.89,2.62,20062,200,ITEM 20062,0,,0.0,4.76779910943631,6.666666666666667,3.3931297709923665,0.6858391908109035,1,2,0,4,109,EU,5,0,0,54.579083273621386,410.893282093659,123.42600000000002,0.0,-0.7050570008769368,0.2016313677367254,1463.0
502068,331,2011-04-13 07:57:26.660928424,United Kingdom,5,32,140.82999999999998,34.019999999999996,4.864,6.49,2.57,20039,200,ITEM 20039,1,2011-05-07 21:01:53.552770493,9.0,4.954629157306516,6.4,2.5252918287937747,0.2415678477597103,7,2,0,4,109,UK,7,2,0,127.41962962970769,339.59734657358285,68.91285714285713,0.2857142857142857,-0.27910990009082637,0.2016313677367254,1463.0
500739,243,2011-04-13 08:28:52.671205504,United Kingdom,5,22,53.21,31.990000000000002,2.1380000000000003,4.57,0.64,20033,200,ITEM 20033,0,,0.0,3.992865393272247,4.4,7.140625,0.6012027814320616,8,2,0,4,109,UK,8,1,0,75.47798241518075,447.94401087401104,97.98875000000002,0.125,0.27777400746521885,0.2016313677367254,1463.0
503331,16,2011-04-13 12:57:34.299338368,United Kingdom,4,25,88.26,33.64,4.07,8.41,2.1,20030,200,ITEM 20030,1,2011-05-09 22:06:29.153248657,6.0,4.491553459201124,6.25,4.004761904761905,0.3811466122818944,12,2,0,4,109,UK,7,2,0,145.54450680438754,358.34314719121153,60.138571428571424,0.2857142857142857,0.016711229946523853,0.2016313677367254,1463.0
501432,397,2011-04-13 15:18:00.884865184,United Kingdom,4,21,55.199999999999996,39.76,2.5725,4.97,0.98,20117,201,ITEM 20117,0,,0.0,4.028916756899645,5.25,5.071428571428571,0.7202898550724638,15,2,0,4,109,UK,4,0,0,34.14214691656648,397.6904189652236,59.63,0.0,0.26483318905240727,0.20019785329178413,295.0
503810,329,2011-04-13 21:02:20.724029840,Spain,6,40,179.57999999999998,63.25,4.516666666666667,6.52,2.5,20049,200,ITEM 20049,0,,0.0,5.196173892879333,6.666666666666667,2.6079999999999997,0.3522107138879608,21,2,0,4,109,EU,10,3,0,44.524777778906206,412.7274907160541,66.664,0.3,-0.45526742301458656,0.2016313677367254,1463.0
503933,79,2011-04-14 00:39:35.460670552,France,6,30,83.91,31.86,3.1733333333333333,6.64,0.74,20107,201,ITEM 20107,0,,0.0,4.441591872011272,5.0,8.972972972972972,0.37969252770825884,0,3,0,4,110,EU,4,2,0,69.48778528092555,434.1167810977684,69.9,0.5,0.13432373878056325,0.20019785329178413,295.0
502805,496,2011-04-14 02:45:18.054644976,United Kingdom,4,29,82.42,36.4,2.6475,3.64,0.81,20011,200,ITEM 20011,0,,0.0,4.423888088768799,7.25,4.493827160493827,0.4416403785488959,2,3,0,4,110,UK,8,2,0,55.00472451948412,434.3814813960761,119.47,0.25,0.2075761945966733,0.2016313677367254,1463.0
501721,436,2011-04-14 03:50:11.964974296,Germany,4,24,100.32000000000001,53.910000000000004,4.0200000000000005,5.99,1.61,20108,201,ITEM 20108,1,2011-05-26 10:34:31.648130626,9.0,4.618283825133474,6.0,3.720496894409938,0.5373803827751196,3,3,0,4,110,EU,7,3,0,6.347945539365556,369.70850990071267,93.84285714285714,0.42857142857142855,-0.12346715941542086,0.20019785329178413,295.0
501496,344,2011-04-14 05:47:33.221674480,Spain,2,12,43.92,32.82,3.66,5.47,1.85,20019,200,ITEM 20019,1,2011-04-15 06:12:26.419969155,6.0,3.8048831298702424,6.0,2.9567567567567563,0.7472677595628415,5,3,0,4,110,EU,4,2,0,76.37822570082403,461.23071040500577,59.105000000000004,0.5,-0.07252747252747249,0.2016313677367254,1463.0
500669,393,2011-04-14 09:26:33.688758808,France,4,32,118.05,46.08,3.6975,5.12,2.33,20109,201,ITEM 20109,0,,0.0,4.779543572932872,8.0,2.1974248927038627,0.3903430749682338,9,3,0,4,110,EU,15,2,0,76.12945633016648,462.3625914051512,94.68466666666667,0.13333333333333333,-0.10575121768452589,0.20019785329178413,295.0
502456,349,2011-04-14 11:06:09.714924768,Spain,4,21,137.92,117.69999999999999,4.955,11.77,0.5,20031,200,ITEM 20031,0,,0.0,4.933898227875873,5.25,23.54,0.853393271461717,11,3,0,4,110,EU,13,4,0,52.20321055241121,382.8025244335582,83.09538461538462,0.3076923076923077,-0.8853120087485473,0.2016313677367254,1463.0
500735,166,2011-04-15 03:32:44.545404424,United Kingdom,2,7,33.19,21.4,4.64,5.35,3.93,20013,200,ITEM 20013,0,,0.0,3.5319332036512097,3.5,1.3613231552162848,0.6447725218439289,3,4,0,4,111,UK,5,1,0,82.96833690296162,329.9284205357092,118.88799999999999,0.2,-0.24400299850074947,0.2016313677367254,1463.0
500590,404,2011-04-15 07:56:44.161869024,United Kingdom,1,2,7.66,7.66,3.83,3.83,3.83,20011,200,ITEM 20011,0,,0.0,2.1587147225743437,2.0,1.0,1.0,7,4,0,4,111,UK,5,1,0,224.22311208690417,381.16167650830596,54.908,0.2,-0.10057471264367823,0.2016313677367254,1463.0
500561,12,2011-04-15 11:40:31.426140408,United Kingdom,1,9,71.64,71.64,7.96,7.96,7.96,20035,200,ITEM 20035,0,,0.0,4.285515734293038,9.0,1.0,1.0,11,4,0,4,111,UK,3,1,0,78.98422484960824,115.9894581689749,77.05,0.3333333333333333,-1.0203045685279188,0.2016313677367254,1463.0
501245,483,2011-04-15 13:21:12.942558784,France,3,14,92.68,81.5,5.683333333333334,8.15,1.14,20008,200,ITEM 20008,0,,0.0,4.539884719289462,4.666666666666667,7.1491228070175445,0.8793698748381528,13,4,0,4,111,EU,4,2,0,253.00440707265815,429.27173278660297,54.815,0.5,-0.9587868540631936,0.2016313677367254,1463.0
502953,452,2011-04-15 16:01:30.618422736,United Kingdom,3,10,58.32,34.05,5.343333333333334,6.81,3.39,20035,200,ITEM 20035,0,,0.0,4.082946517269732,3.3333333333333335,2.0088495575221237,0.5838477366255144,16,4,0,4,111,UK,3,0,0,362.66913871206907,454.5025471005452,67.7,0.0,-0.6532955350815026,0.2016313677367254,1463.0
503588,110,2011-04-15 18:02:33.767097456,United Kingdom,3,15,71.16,30.36,4.78,5.06,4.32,20027,200,ITEM 20027,0,,0.0,4.278885875754368,5.0,1.171296296296296,0.4266441821247892,18,4,0,4,111,UK,12,2,0,11.88606897183463,317.12453741790296,62.32916666666667,0.16666666666666666,-0.44326133252205624,0.2016313677367254,1463.0
502653,27,2011-04-15 18:55:09.501832880,United Kingdom,5,26,113.69999999999999,44.449999999999996,4.336,6.35,1.74,20004,200,ITEM 20004,0,,0.0,4.742320024135325,5.2,3.6494252873563218,0.3909410729991205,18,4,0,4,111,UK,5,1,0,5.537054997667685,452.2396058962419,68.91999999999999,0.2,-0.3918472273228055,0.2016313677367254,1463.0
500548,492,2011-04-15 19:03:58.695305304,United Kingdom,5,35,216.75,99.89999999999999,5.596,11.1,2.66,20022,200,ITEM 20022,0,,0.0,5.383347615732612,7.0,4.172932330827067,0.4608996539792387,19,4,0,4,111,UK,8,4,0,50.899594473155325,372.4500536420288,74.80000000000001,0.5,-0.800024913839638,0.2016313677367254,1463.0
501745,400,2011-04-15 21:58:24.607750416,Spain,3,16,42.73,19.68,2.8766666666666665,3.9,2.27,20048,200,ITEM 20048,0,,0.0,3.778034365424829,5.333333333333333,1.7180616740088106,0.46056634682892583,21,4,0,4,111,EU,2,0,0,321.6771579080847,426.104136950712,126.76499999999999,0.0,0.2745946863593923,0.2016313677367254,1463.0
500003,379,2011-04-16 08:43:20.488303816,Germany,2,12,32.51,28.049999999999997,3.505,4.46,2.55,20043,200,ITEM 20043,0,,0.0,3.511843901749219,6.0,1.7490196078431373,0.862811442633036,8,5,1,4,112,EU,6,2,0,141.8136086124581,418.910576952246,95.29333333333334,0.3333333333333333,0.15161795407098122,0.2016313677367254,1463.0
500791,318,2011-04-16 12:03:49.885232944,EIRE,3,19,57.510000000000005,35.49,3.616666666666667,5.07,0.78,20033,200,ITEM 20033,0,,0.0,4.069197679800145,6.333333333333333,6.5,0.6171100678142931,12,5,1,4,112,EU,7,1,0,144.41909733986753,359.5209582020524,75.20428571428572,0.14285714285714285,0.15176991150442465,0.2016313677367254,1463.0
503929,38,2011-04-16 13:00:42.205925792,EIRE,2,6,17.1,11.64,2.85,3.88,1.82,20068,200,ITEM 20068,0,,0.0,2.89591193827178,3.0,2.131868131868132,0.6807017543859649,13,5,1,4,112,EU,4,1,0,106.79294765574454,450.81966275868814,42.8675,0.25,0.2223738062755798,0.2016313677367254,1463.0
500020,313,2011-04-16 17:32:51.021330200,France,5,26,103.76,34.47,4.674,9.47,1.56,20096,200,ITEM 20096,0,,0.0,4.651672019639511,5.2,6.070512820512821,0.3322089437162683,17,5,1,4,112,EU,3,0,0,128.0983092678877,364.8023200810399,95.92999999999999,0.0,-0.06029021050480288,0.2016313677367254,1463.0
500339,348,2011-04-16 19:05:37.815989576,France,1,3,14.129999999999999,14.129999999999999,4.71,4.71,4.71,20023,200,ITEM 20023,0,,0.0,2.7166795278002644,3.0,1.0,1.0,19,5,1,4,112,EU,4,2,0,78.32046322199342,355.8633250489823,109.10749999999999,0.5,-0.1775,0.2016313677367254,1463.0
501363,489,2011-04-16 19:13:58.937788080,Spain,5,22,107.25999999999999,58.589999999999996,4.55,8.98,1.09,20019,200,ITEM 20019,0,,0.0,4.6845357413688316,4.4,8.238532110091743,0.546242774566474,19,5,1,4,112,EU,10,1,0,25.41974487869037,405.3315749015742,84.81899999999999,0.1,-0.40881329217836737,0.2016313677367254,1463.0
503204,16,2011-04-16 19:35:21.966741480,United Kingdom,4,17,70.14,26.2,4.4725,6.55,2.2,20071,200,ITEM 20071,0,,0.0,4.264649766520309,4.25,2.977272727272727,0.3735386370116909,19,5,1,4,112,UK,8,2,0,3.2762461504989813,361.6193933417105,63.653749999999995,0.25,-0.22536687631027252,0.2016313677367254,1463.0
502075,295,2011-04-16 20:04:36.105620432,United Kingdom,4,31,148.39,60.08,5.045,7.51,2.02,20021,200,ITEM 20021,0,,0.0,5.006560336054226,7.75,3.7178217821782176,0.4048790349754027,20,5,1,4,112,UK,4,0,0,125.80156667020023,290.4791113689803,82.0625,0.0,-0.2827627939142461,0.2016313677367254,1463.0
503320,242,2011-04-16 23:19:52.931823760,United Kingdom,5,26,89.64,44.6,3.08,4.46,1.59,20006,200,ITEM 20006,1,2011-05-05 15:50:33.271754407,10.0,4.506895616719751,5.2,2.8050314465408803,0.49754573850959394,23,5,1,4,112,UK,7,1,0,3.9436843131105555,407.94436879150936,42.00714285714286,0.14285714285714285,-0.015808261091279974,0.2016313677367254,1463.0
503995,414,2011-04-17 00:52:21.768224616,Germany,1,7,47.949999999999996,47.949999999999996,6.85,6.85,6.85,20026,200,ITEM 20026,0,,0.0,3.8907993689765195,7.0,1.0,1.0,0,6,1,4,113,EU,6,1,0,49.338832626864445,407.99724400554766,102.46,0.16666666666666666,-0.8145695364238408,0.2016313677367254,1463.0
500956,430,2011-04-17 02:20:33.168691368,United Kingdom,1,1,6.39,6.39,6.39,6.39,6.39,20025,200,ITEM 20025,0,,0.0,2.0001277349601105,1.0,1.0,1.0,2,6,1,4,113,UK,7,0,0,4.552436559442407,407.84678648934204,79.03,0.0,-0.8548621190130621,0.2016313677367254,1463.0
502844,417,2011-04-17 02:53:28.529480856,United Kingdom,5,18,57.290000000000006,21.12,3.662,5.89,2.54,20071,200,ITEM 20071,0,,0.0,4.0654305520574585,3.6,2.3188976377952755,0.36865072438470936,2,6,1,4,113,UK,7,1,0,126.66664515879528,391.8608836380739,94.25142857142858,0.14285714285714285,0.08291980150472211,0.2016313677367254,1463.0
501464,48,2011-04-17 02:54:13.900771088,Spain,4,22,76.32000000000001,42.57,3.27,3.87,2.81,20000,200,ITEM 20000,0,,0.0,4.34795265434013,5.5,1.3772241992882563,0.5577830188679245,2,6,1,4,113,EU,7,1,0,124.11841338959255,434.18585889925396,109.03999999999999,0.14285714285714285,0.0666503607680079,0.2016313677367254,1463.0
502603,487,2011-04-17 10:25:10.706272408,EIRE,1,10,49.699999999999996,49.699999999999996,4.97,4.97,4.97,20049,200,ITEM 20049,0,,0.0,3.9259259105971376,10.0,1.0,1.0,10,6,1,4,113,EU,10,0,0,68.74851808568101,425.5246182141784,61.165,0.0,-0.5752773375594291,0.2016313677367254,1463.0
502866,418,2011-04-17 16:24:21.350090448,United Kingdom,4,39,187.62,78.0,4.805,7.8,1.49,20068,200,ITEM 20068,1,2011-06-15 11:53:13.269877753,10.0,5.239734409115739,9.75,5.23489932885906,0.41573393028461786,16,6,1,4,113,UK,4,1,0,121.92411219938144,358.33438722246314,91.42,0.25,-0.2824771865067157,0.2016313677367254,1463.0
501035,27,2011-04-17 21:10:37.706302032,United Kingdom,3,12,49.17,30.21,4.5566666666666675,10.07,0.88,20068,200,ITEM 20068,0,,0.0,3.9154172384961616,4.0,11.443181818181818,0.6143990237949969,21,6,1,4,113,UK,6,1,0,2.094076440615185,454.3336823368571,76.38333333333333,0.16666666666666666,-0.1149659863945578,0.2016313677367254,1463.0
500598,17,2011-04-18 04:29:29.799885672,United Kingdom,1,5,29.45,29.45,5.89,5.89,5.89,20029,200,ITEM 20029,0,,0.0,3.416085994155906,5.0,1.0,1.0,4,0,0,4,114,UK,7,0,0,123.74948602471463,389.9454610749306,92.36857142857141,0.0,-0.5418848167539267,0.2016313677367254,1463.0
500154,479,2011-04-18 05:06:29.114621544,United Kingdom,3,19,91.84,39.7,5.173333333333333,5.83,3.97,20038,200,ITEM 20038,0,,0.0,4.530877581406236,6.333333333333333,1.4685138539042821,0.43227351916376305,5,0,0,4,114,UK,7,2,0,6.3615914953855555,291.8934600709449,85.17999999999999,0.2857142857142857,-0.2947976878612719,0.2016313677367254,1463.0
502263,487,2011-04-18 09:43:04.160712000,United Kingdom,3,23,46.04,29.889999999999997,2.1599999999999997,4.27,0.85,20054,200,ITEM 20054,0,,0.0,3.8509983035903717,7.666666666666667,5.023529411764706,0.6492180712423978,9,0,0,4,114,UK,11,0,0,0.9707575745323148,426.49537578871076,60.122727272727275,0.0,0.4702261089695645,0.2016313677367254,1463.0
502509,303,2011-04-18 10:10:19.769260816,EIRE,5,14,36.41,11.899999999999999,3.4520000000000004,7.69,1.09,20082,200,ITEM 20082,0,,0.0,3.6219380483600547,2.8,7.055045871559633,0.3268332875583631,10,0,0,4,114,EU,8,4,0,89.25052837568954,442.2683919687727,66.2475,0.5,0.17977021851768427,0.2016313677367254,1463.0
502628,201,2011-04-18 12:27:03.925887960,United Kingdom,3,22,122.03999999999999,56.6,5.433333333333334,6.12,4.52,20113,201,ITEM 20113,0,,0.0,4.812509505757334,7.333333333333333,1.3539823008849559,0.46378236643723375,12,0,0,4,114,UK,3,1,0,25.551261297938797,329.46856839328933,107.00999999999999,0.3333333333333333,-0.5870992912413031,0.20019785329178413,295.0
501196,4,2011-04-18 21:27:16.501744328,France,2,21,89.05,77.5,4.4,7.75,1.05,20099,200,ITEM 20099,0,,0.0,4.500365071621965,10.5,7.3809523809523805,0.8702975856260529,21,0,0,4,114,EU,7,0,0,74.02898602389375,450.087216364844,76.71000000000001,0.0,-0.279913762127201,0.2016313677367254,1463.0
501052,400,2011-04-19 05:17:16.580948512,United Kingdom,3,12,57.42,28.450000000000003,4.846666666666667,6.43,2.42,20094,200,ITEM 20094,0,,0.0,4.067658296959595,4.0,2.65702479338843,0.4954719609892024,5,1,0,4,115,UK,3,0,0,3.3047682083112964,429.40890515902333,98.75333333333333,0.0,-0.5348837209302324,0.2016313677367254,1463.0
502801,49,2011-04-19 09:29:52.554703104,EIRE,4,19,48.1,25.04,2.5175,4.75,1.07,20007,200,ITEM 20007,1,2011-06-07 14:51:13.411560979,3.0,3.893859034800475,4.75,4.439252336448598,0.5205821205821205,9,1,0,4,115,EU,5,1,0,71.8259652255669,340.46385735587853,35.8,0.2,0.25037013948414255,0.2016313677367254,1463.0
500463,45,2011-04-19 10:50:31.052555952,United Kingdom,6,56,237.17,64.13,3.9716666666666662,5.83,1.88,20035,200,ITEM 20035,1,2011-04-21 06:58:03.392115647,7.0,5.472984704405132,9.333333333333334,3.1010638297872344,0.2703967618164186,10,1,0,4,115,UK,8,2,0,46.32233922157676,467.75232042877167,89.40125,0.25,-0.20198667105896662,0.2016313677367254,1463.0
502105,488,2011-04-19 12:52:34.834837120,United Kingdom,2,15,56.39999999999999,35.339999999999996,4.115,5.89,2.34,20059,200,ITEM 20059,0,,0.0,4.050044303325521,7.5,2.517094017094017,0.6265957446808511,12,1,0,4,115,UK,7,1,0,29.30610634082213,460.01935290710594,49.52428571428572,0.14285714285714285,-0.05826062482409222,0.2016313677367254,1463.0
503388,214,2011-04-19 18:11:38.254562920,EIRE,4,20,174.06,116.55,7.6425,12.95,3.46,20066,200,ITEM 20066,0,,0.0,5.165128772304292,5.0,3.7427745664739884,0.6695966907962771,18,1,0,4,115,EU,8,3,0,37.608865419348426,439.39648774979923,73.7975,0.375,-1.5017606899029823,0.2016313677367254,1463.0
501065,395,2011-04-20 03:30:54.575619152,United Kingdom,2,11,33.91,28.799999999999997,3.995,5.11,2.88,20084,200,ITEM 20084,0,,0.0,3.5527733211169448,5.5,1.7743055555555558,0.8493069890887643,3,2,0,4,116,UK,8,3,0,73.25371284016389,398.7245326540553,116.74999999999999,0.375,0.04640044994375714,0.2016313677367254,1463.0
500343,499,2011-04-20 14:23:38.117803408,United Kingdom,1,11,48.62,48.62,4.42,4.42,4.42,20000,200,ITEM 20000,0,,0.0,3.9043939782636548,11.0,1.0,1.0,14,2,0,4,116,UK,10,0,0,29.412980999167594,453.7603592300873,90.50200000000001,0.0,-0.08333333333333326,0.2016313677367254,1463.0
500862,302,2011-04-20 15:15:04.393602552,United Kingdom,1,3,11.73,11.73,3.91,3.91,3.91,20044,200,ITEM 20044,0,,0.0,2.543961412569315,3.0,1.0,1.0,15,2,0,4,116,UK,7,0,0,92.92671159940889,419.73980268353574,98.25571428571428,0.0,-0.5454545454545456,0.2016313677367254,1463.0
502622,162,2011-04-20 19:47:09.440944152,Germany,5,31,121.16,54.11,4.05,7.73,1.23,20033,200,ITEM 20033,1,2011-06-05 08:30:41.905210610,9.0,4.805331660910377,6.2,6.284552845528456,0.44659953780125455,19,2,0,4,116,EU,4,1,0,15.013713151069908,212.3532735949921,67.065,0.25,-0.15815131673278215,0.2016313677367254,1463.0
502136,178,2011-04-21 00:44:11.793653440,United Kingdom,2,12,36.11,24.01,2.925,3.43,2.42,20024,200,ITEM 20024,0,,0.0,3.613886475072506,6.0,1.4173553719008265,0.664912766546663,0,3,0,4,117,UK,6,1,0,39.260326722563704,467.2682314387064,57.0,0.16666666666666666,0.25561739847454146,0.2016313677367254,1463.0
501405,333,2011-04-21 01:22:06.838103112,United Kingdom,1,6,13.379999999999999,13.379999999999999,2.23,2.23,2.23,20069,200,ITEM 20069,0,,0.0,2.6658383522929006,6.0,1.0,1.0,1,3,0,4,117,UK,7,0,0,78.63492504768088,352.8655794279922,76.27714285714286,0.0,0.24406779661016964,0.2016313677367254,1463.0
503804,258,2011-04-21 15:13:24.951719328,France,5,33,130.67000000000002,42.57000000000001,4.544,6.55,1.37,20024,200,ITEM 20024,1,2011-05-04 04:34:42.665462443,8.0,4.880298792368253,6.6,4.781021897810218,0.3257825055483279,15,3,0,4,117,EU,4,0,0,310.5880240883726,464.08691287959186,71.425,0.0,-0.14346970028440165,0.2016313677367254,1463.0
501950,375,2011-04-21 18:38:03.726671992,United Kingdom,4,25,90.34,36.96,3.7625,5.7,2.68,20026,200,ITEM 20026,1,2011-05-17 02:03:55.251543930,6.0,4.514588807756853,6.25,2.126865671641791,0.40912109807394287,18,3,0,4,117,UK,5,1,0,138.71803309458556,316.5641513125494,112.602,0.2,-0.057288314120194306,0.2016313677367254,1463.0
502814,473,2011-04-21 18:56:22.570080896,United Kingdom,3,20,82.31,42.629999999999995,5.14,7.66,1.67,20078,200,ITEM 20078,0,,0.0,4.422568589986818,6.666666666666667,4.586826347305389,0.5179200583161219,18,3,0,4,117,UK,5,0,0,97.4694013034181,418.5922976872844,52.342000000000006,0.0,-0.12032121954539265,0.2016313677367254,1463.0
501973,333,2011-04-21 19:09:00.013388576,United Kingdom,3,18,42.46,23.36,2.1466666666666665,2.92,1.51,20117,201,ITEM 20117,0,,0.0,3.7718409748282835,6.0,1.933774834437086,0.5501648610456901,19,3,0,4,117,UK,8,0,0,0.7408932324706482,353.6064726604629,68.415,0.0,0.3568615571039079,0.20019785329178413,295.0
503133,166,2011-04-21 19:27:46.757300736,Spain,4,18,62.989999999999995,25.08,4.1125,6.27,1.99,20017,200,ITEM 20017,0,,0.0,4.158726821151369,4.5,3.150753768844221,0.39815843784727734,19,3,0,4,117,EU,6,1,0,6.663220045096204,336.5916405808054,104.60499999999998,0.16666666666666666,-0.024394210440721986,0.2016313677367254,1463.0
500708,441,2011-04-22 01:51:59.436685768,France,1,8,39.36,39.36,4.92,4.92,4.92,20040,200,ITEM 20040,0,,0.0,3.6978391954854084,8.0,1.0,1.0,1,4,0,4,118,EU,4,1,0,46.32968297005139,275.8376711613207,108.71000000000001,0.25,-0.5569620253164556,0.2016313677367254,1463.0
503999,68,2011-04-22 01:57:55.885373488,United Kingdom,1,6,7.26,7.26,1.21,1.21,1.21,20096,200,ITEM 20096,0,,0.0,2.1114245875328868,6.0,1.0,1.0,1,4,0,4,118,UK,9,1,0,79.41549605479949,434.49401977337953,72.93444444444444,0.1111111111111111,0.664819944598338,0.2016313677367254,1463.0
502613,75,2011-04-22 02:25:00.351780896,EIRE,3,24,99.44,68.97,3.5666666666666664,6.27,1.88,20094,200,ITEM 20094,0,,0.0,4.609560534289384,8.0,3.3351063829787235,0.6935840707964602,2,4,0,4,118,EU,6,0,0,11.980130648185833,401.981152518713,107.07666666666665,0.0,-0.27568954457985906,0.2016313677367254,1463.0
502422,236,2011-04-22 08:33:24.845902864,France,3,20,43.449999999999996,20.339999999999996,2.1266666666666665,2.26,1.97,20007,200,ITEM 20007,1,2011-05-02 19:45:36.675865359,8.0,3.7943649619599134,6.666666666666667,1.147208121827411,0.4681242807825086,8,4,0,4,118,EU,8,0,0,60.82715335030968,444.8985413191665,104.61125,0.0,0.3467147797323712,0.2016313677367254,1463.0
501689,268,2011-04-22 17:29:09.347452112,Germany,4,30,119.41,55.53,3.815,6.17,2.94,20002,200,ITEM 20002,0,,0.0,4.790902585904128,7.5,2.098639455782313,0.4650364291097898,17,4,0,4,118,EU,6,1,0,177.63744945774903,395.34539251725374,84.88166666666667,0.16666666666666666,-0.07868112014453477,0.2016313677367254,1463.0
502873,324,2011-04-22 18:22:00.237770184,EIRE,5,30,97.8,36.18,2.964,6.03,1.0,20011,200,ITEM 20011,1,2011-05-29 05:05:12.075178945,9.0,4.593097604753822,6.0,6.03,0.3699386503067485,18,4,0,4,118,EU,5,1,0,136.6742894539326,458.18249403181176,62.266000000000005,0.2,0.08760145535964181,0.2016313677367254,1463.0
502763,255,2011-04-22 18:34:10.196348672,United Kingdom,1,4,11.56,11.56,2.89,2.89,2.89,20104,201,ITEM 20104,0,,0.0,2.5305171610400525,4.0,1.0,1.0,18,4,0,4,118,UK,8,2,0,30.95880365585685,428.5789993338161,54.06375000000001,0.25,0.10802469135802473,0.20019785329178413,295.0
503329,174,2011-04-22 19:06:30.877455768,EIRE,1,1,4.11,4.11,4.11,4.11,4.11,20045,200,ITEM 20045,0,,0.0,1.631199404215613,1.0,1.0,1.0,19,4,0,4,118,EU,18,6,0,11.855434282797036,470.07916648445007,82.00111111111111,0.3333333333333333,-0.586872586872587,0.2016313677367254,1463.0
503024,61,2011-04-22 21:42:53.142568648,United Kingdom,2,15,33.63,27.42,2.63,4.57,0.69,20038,200,ITEM 20038,0,,0.0,3.5447203584143305,7.5,6.623188405797102,0.8153434433541481,21,4,0,4,118,UK,6,1,0,12.779330662613704,274.0524551654821,71.81166666666667,0.16666666666666666,0.40844327176781003,0.2016313677367254,1463.0
501903,0,2011-04-22 21:53:51.998210008,United Kingdom,4,17,105.65,46.9,5.835,8.55,2.45,20079,200,ITEM 20079,0,,0.0,4.669552444917359,4.25,3.489795918367347,0.4439185991481306,21,4,0,4,118,UK,4,1,0,42.958131519719814,454.2896213716465,92.01500000000001,0.25,-0.690941101152369,0.2016313677367254,1463.0
503660,411,2011-04-23 04:49:24.290454824,Germany,6,33,128.0,58.72,3.6733333333333333,7.34,1.56,20051,200,ITEM 20051,1,2011-05-31 15:50:12.590822205,5.0,4.859812404361672,5.5,4.705128205128205,0.45875,4,5,1,4,119,EU,11,3,0,31.331227170569537,411.5881845398929,82.10727272727273,0.2727272727272727,0.0010535763062397008,0.2016313677367254,1463.0
501391,249,2011-04-23 07:52:55.865092112,United Kingdom,2,14,27.16,21.28,1.82,2.66,0.98,20051,200,ITEM 20051,0,,0.0,3.3379025312898416,7.0,2.7142857142857144,0.7835051546391752,7,5,1,4,119,UK,7,0,0,73.05100481881291,442.61374092219916,48.021428571428565,0.0,0.5111591072714183,0.2016313677367254,1463.0
500231,401,2011-04-23 08:25:43.233457400,United Kingdom,6,36,172.47,116.64,4.003333333333333,14.58,1.26,20039,200,ITEM 20039,1,2011-06-04 13:00:05.356188006,11.0,5.156004673773317,6.0,11.571428571428571,0.6762915289615585,8,5,1,4,119,UK,9,1,0,116.81521296646028,394.30305883508083,78.11,0.1111111111111111,-0.36140821723171634,0.2016313677367254,1463.0
500665,344,2011-04-23 09:08:04.944454360,EIRE,2,16,51.93000000000001,30.240000000000002,3.365,4.32,2.41,20012,200,ITEM 20012,0,,0.0,3.9689702858698963,8.0,1.7925311203319503,0.5823223570190641,9,5,1,4,119,EU,5,3,0,9.139256050693055,470.3699664556988,56.068000000000005,0.6,0.12443095599393017,0.2016313677367254,1463.0
503019,344,2011-04-23 09:35:25.255985232,United Kingdom,4,28,133.1,74.88,4.23,8.32,2.11,20059,200,ITEM 20059,0,,0.0,4.898585790287632,7.0,3.9431279620853084,0.5625845229151014,9,5,1,4,119,UK,6,3,0,0.01898508716287037,470.38895154286166,55.37833333333334,0.5,-0.3316658329164581,0.2016313677367254,1463.0
501421,418,2011-04-23 10:04:43.420844784,Spain,3,28,172.37,108.35,5.706666666666667,9.85,3.19,20013,200,ITEM 20013,0,,0.0,5.155428038997797,9.333333333333334,3.0877742946708464,0.6285896617740906,10,5,1,4,119,EU,5,1,0,5.736366559656667,364.0707537821198,110.66,0.2,-0.7955208333333335,0.2016313677367254,1463.0
502694,72,2011-04-23 14:12:23.171491312,EIRE,6,20,86.33,24.33,5.555,9.88,1.57,20083,200,ITEM 20083,0,,0.0,4.469694046425642,3.3333333333333335,6.292993630573249,0.28182555311015867,14,5,1,4,119,EU,6,2,0,45.43272308792713,191.83997931432523,74.34166666666667,0.3333333333333333,-0.22749893359874873,0.2016313677367254,1463.0
500645,170,2011-04-23 16:18:34.022888608,United Kingdom,2,8,21.28,14.92,4.26,7.46,1.06,20089,200,ITEM 20089,0,,0.0,3.1036894150590832,4.0,7.037735849056603,0.7011278195488722,16,5,1,4,119,UK,3,0,0,132.75794206991884,370.0487206346129,111.12333333333333,0.0,0.23563218390804597,0.2016313677367254,1463.0
500478,285,2011-04-23 17:21:08.146412448,United Kingdom,3,21,28.57,12.0,1.97,4.0,0.8,20065,200,ITEM 20065,0,,0.0,3.3867603338643857,7.0,5.0,0.4200210010500525,17,5,1,4,119,UK,2,0,0,240.82490833751774,412.49855615750016,63.485,0.0,0.5553653412185822,0.2016313677367254,1463.0
500067,309,2011-04-23 18:37:36.566768328,United Kingdom,2,15,29.04,19.599999999999998,1.9899999999999998,2.8,1.18,20056,200,ITEM 20056,0,,0.0,3.402529826895934,7.5,2.3728813559322033,0.674931129476584,18,5,1,4,119,UK,7,1,0,63.89204123979213,418.50525105300204,91.66,0.14285714285714285,0.45719626168224303,0.2016313677367254,1463.0
501916,183,2011-04-23 21:00:23.670776592,United Kingdom,4,22,127.76,61.38,5.115,10.23,2.65,20047,200,ITEM 20047,1,2011-06-04 03:23:09.070369582,4.0,4.8579502064306075,5.5,3.8603773584905663,0.48043206011271133,21,5,1,4,119,UK,8,0,0,29.615790360348335,456.44240921066427,116.46625,0.0,-0.8553586988091781,0.2016313677367254,1463.0
502767,372,2011-04-24 00:44:20.715132968,Germany,3,15,70.44,42.98,3.9733333333333327,6.14,0.72,20042,200,ITEM 20042,0,,0.0,4.268857936568244,5.0,8.527777777777777,0.6101646791595684,0,6,1,4,120,EU,9,1,0,46.44379390684926,317.0597041318056,78.74666666666667,0.1111111111111111,-0.3489084641899656,0.2016313677367254,1463.0
501309,80,2011-04-24 00:57:47.455034408,United Kingdom,6,35,160.72,49.050000000000004,4.88,9.81,2.48,20000,200,ITEM 20000,0,,0.0,5.08586644477257,5.833333333333333,3.955645161290323,0.3051891488302638,0,6,1,4,120,UK,5,1,0,73.26104476359218,447.32773038673787,106.98400000000001,0.2,-0.3917561482507792,0.2016313677367254,1463.0
502498,215,2011-04-24 02:04:45.130280312,United Kingdom,6,47,157.79999999999998,47.96,3.1750000000000003,5.06,0.58,20030,200,ITEM 20030,0,,0.0,5.067645548813036,7.833333333333333,8.724137931034482,0.3039290240811154,2,6,1,4,120,UK,5,0,0,46.09600581328537,423.8884544556382,118.43200000000002,0.0,0.08606509903857296,0.2016313677367254,1463.0
503701,279,2011-04-24 02:56:48.533516584,United Kingdom,3,20,92.81,41.580000000000005,4.336666666666667,5.94,2.48,20051,200,ITEM 20051,0,,0.0,4.541271460137859,6.666666666666667,2.395161290322581,0.44801206766512236,2,6,1,4,120,UK,5,1,0,68.93642448279046,264.68898820681505,121.742,0.2,-0.21510866719036414,0.2016313677367254,1463.0
501130,354,2011-04-24 07:49:51.102571888,EIRE,4,27,112.49,41.44,4.3175,6.43,2.35,20097,200,ITEM 20097,0,,0.0,4.731714727313047,6.75,2.7361702127659573,0.3683883011823273,7,6,1,4,120,EU,6,0,0,15.02908210846713,396.4659153368781,77.05666666666667,0.0,-0.09160601649684597,0.2016313677367254,1463.0
501556,256,2011-04-24 12:32:25.801426600,France,4,26,79.04,35.910000000000004,2.8275,3.99,1.6,20114,201,ITEM 20114,0,,0.0,4.382526509715532,6.5,2.49375,0.4543269230769231,12,6,1,4,120,EU,4,1,0,92.65546358852588,417.89702700873676,80.585,0.25,0.1817381852062735,0.20019785329178413,295.0
502757,374,2011-04-24 13:07:52.767433264,United Kingdom,1,11,55.11,55.11,5.01,5.01,5.01,20007,200,ITEM 20007,0,,0.0,4.0273140497628805,11.0,1.0,1.0,13,6,1,4,120,UK,4,0,0,85.09608158154259,414.31399608272505,114.4975,0.0,-0.5181818181818183,0.2016313677367254,1463.0
500308,240,2011-04-24 18:29:50.332706744,Germany,3,24,62.54,43.04,4.236666666666666,10.76,0.91,20034,200,ITEM 20034,0,,0.0,4.15166962884137,8.0,11.824175824175823,0.6881995522865366,18,6,1,4,120,EU,11,1,0,41.14522969871658,407.3498003368197,67.2690909090909,0.09090909090909091,0.21776110068792986,0.2016313677367254,1463.0
502171,432,2011-04-24 20:59:08.867626552,United Kingdom,6,30,167.62,68.42,4.783333333333334,8.55,1.91,20103,201,ITEM 20103,0,,0.0,5.12764766249453,5.0,4.476439790575917,0.4081851807660184,20,6,1,4,120,UK,8,4,0,13.729558671345464,461.8226526382938,106.78625000000001,0.5,-0.675864827034593,0.20019785329178413,295.0
501845,333,2011-04-24 22:26:05.625295456,United Kingdom,3,13,63.61000000000001,32.88,4.670000000000001,5.48,3.39,20056,200,ITEM 20056,0,,0.0,4.168369197570074,4.333333333333333,1.616519174041298,0.5168998585128124,22,6,1,4,120,UK,9,0,0,3.1368705081814814,356.74334316864434,65.53111111111112,0.0,-0.3766908343252897,0.2016313677367254,1463.0
502999,286,2011-04-25 05:47:53.755231336,United Kingdom,2,11,65.67999999999999,60.48,4.66,6.72,2.6,20016,200,ITEM 20016,0,,0.0,4.199905057882593,5.5,2.5846153846153843,0.9208282582216809,5,0,0,4,121,UK,4,0,0,41.89862032542546,388.73048918706206,124.945,0.0,-0.5378131585108872,0.2016313677367254,1463.0
503763,408,2011-04-25 07:25:48.999973864,United Kingdom,4,22,51.15,23.43,3.2375,5.8,0.92,20056,200,ITEM 20056,0,,0.0,3.9541241814467813,5.5,6.304347826086956,0.45806451612903226,7,0,0,4,121,UK,4,0,0,135.26692038940033,373.4072358239245,32.255,0.0,0.3687133600740512,0.2016313677367254,1463.0
502640,485,2011-04-25 07:47:33.089961056,United Kingdom,6,33,226.57,91.76,6.746666666666667,11.47,2.77,20005,200,ITEM 20005,0,,0.0,5.427457883371127,5.5,4.140794223826715,0.404996248400053,7,0,0,4,121,UK,5,1,0,36.86541736826111,358.49074232983577,117.93400000000001,0.2,-0.9556341979198137,0.2016313677367254,1463.0
501848,406,2011-04-25 08:21:05.183283600,United Kingdom,3,22,51.76,38.8,2.09,3.88,0.85,20004,200,ITEM 20004,0,,0.0,3.965753327849114,7.333333333333333,4.564705882352941,0.749613601236476,8,0,0,4,121,UK,7,1,0,159.55856316853445,474.9798567712503,95.1957142857143,0.14285714285714285,0.25674899483055713,0.2016313677367254,1463.0
502220,152,2011-04-25 08:54:14.974179976,United Kingdom,6,38,107.24,30.91,3.0666666666666664,5.27,0.78,20056,200,ITEM 20056,0,,0.0,4.684350983862532,6.333333333333333,6.7564102564102555,0.28823200298396123,8,0,0,4,121,UK,5,0,0,217.73628724652593,438.0168852818309,78.562,0.0,0.23158498137002015,0.2016313677367254,1463.0
500902,94,2011-04-25 09:46:49.365314952,United Kingdom,2,12,78.60000000000001,50.400000000000006,6.550000000000001,8.4,4.7,20092,200,ITEM 20092,0,,0.0,4.377014092850337,6.0,1.7872340425531914,0.6412213740458015,9,0,0,4,121,UK,3,1,0,176.66249116949774,451.0063531832747,127.56,0.3333333333333333,-0.7726657645466848,0.2016313677367254,1463.0
500532,193,2011-04-25 11:34:51.493369240,United Kingdom,3,11,39.2,24.0,4.273333333333333,5.38,3.0,20033,200,ITEM 20033,0,,0.0,3.6938669956249757,3.6666666666666665,1.7933333333333332,0.6122448979591836,11,0,0,4,121,UK,7,0,0,62.68357707472426,461.1050292826586,98.93285714285715,0.0,-0.11490329920364051,0.2016313677367254,1463.0
501637,385,2011-04-25 12:31:34.233461368,United Kingdom,2,8,14.419999999999998,11.899999999999999,1.6099999999999999,2.38,0.84,20056,200,ITEM 20056,1,2011-05-02 09:33:49.088302536,3.0,2.7356653681351832,4.0,2.8333333333333335,0.8252427184466019,12,0,0,4,121,UK,8,1,0,73.16884309826528,450.96594058924296,106.92625000000001,0.125,0.5229114971050455,0.2016313677367254,1463.0
500539,413,2011-04-25 18:09:36.816736096,France,3,15,34.17,12.15,2.3699999999999997,3.03,1.65,20085,200,ITEM 20085,0,,0.0,3.5601934464858913,5.0,1.8363636363636364,0.3555750658472344,18,0,0,4,121,EU,8,3,0,24.839723804369537,400.3583895051888,97.1725,0.375,0.37996733805117033,0.2016313677367254,1463.0
501642,22,2011-04-25 23:53:52.674708632,Spain,3,22,46.160000000000004,28.0,2.1666666666666665,3.5,0.79,20022,200,ITEM 20022,1,2011-06-08 20:12:56.437771120,5.0,3.85354607566917,7.333333333333333,4.430379746835443,0.6065857885615251,23,0,0,4,121,EU,3,0,0,426.56186596097814,465.7854785906629,52.6,0.0,0.3782327586206897,0.2016313677367254,1463.0
501590,455,2011-04-26 00:02:51.040729264,United Kingdom,3,23,144.92,54.72,6.56,9.12,4.84,20095,200,ITEM 20095,0,,0.0,4.983058526326021,7.666666666666667,1.884297520661157,0.377587634556997,0,1,0,4,122,UK,5,1,0,30.324656983044722,383.0478829528402,53.5,0.2,-0.9589078129224111,0.2016313677367254,1463.0
503360,331,2011-04-26 00:04:29.163597328,Spain,5,26,102.72,36.7,5.696,17.6,0.99,20086,200,ITEM 20086,1,2011-06-09 17:53:00.107801335,4.0,4.641694960670463,5.2,17.77777777777778,0.3572819314641745,0,1,0,4,122,EU,8,2,0,12.671556743853056,352.2689033174359,77.9025,0.25,-0.1273046532045654,0.2016313677367254,1463.0
502573,362,2011-04-26 00:47:08.512584472,EIRE,3,21,65.91,24.849999999999998,3.403333333333333,4.97,2.19,20057,200,ITEM 20057,0,,0.0,4.2033484327947255,7.0,2.269406392694064,0.3770292823547261,0,1,0,4,122,EU,6,1,0,30.793755645120832,386.8550897335899,117.21499999999999,0.16666666666666666,-0.02767599594605108,0.2016313677367254,1463.0
502813,305,2011-04-26 03:07:50.690757952,France,2,13,78.44999999999999,50.099999999999994,6.199999999999999,8.35,4.05,20010,200,ITEM 20010,0,,0.0,4.375127892982725,6.5,2.0617283950617282,0.638623326959847,3,1,0,4,122,EU,7,3,0,16.78752886614852,300.0684462625722,70.86714285714287,0.42857142857142855,-0.7200175400131548,0.2016313677367254,1463.0
502175,51,2011-04-26 12:04:47.609848056,United Kingdom,5,22,62.769999999999996,24.0,3.318,6.39,1.76,20107,201,ITEM 20107,0,,0.0,4.15528286032718,4.4,3.630681818181818,0.38234825553608415,12,1,0,4,122,UK,11,1,0,26.651774621379353,433.0235622813114,74.71727272727273,0.09090909090909091,0.1422519814156873,0.20019785329178413,295.0
503931,78,2011-04-26 18:48:03.687252736,United Kingdom,6,32,109.35,37.56,3.8949999999999996,6.26,1.27,20091,200,ITEM 20091,0,,0.0,4.703657132702745,5.333333333333333,4.929133858267717,0.34348422496570646,18,1,0,4,122,UK,2,0,0,186.19510021265282,357.08095238287655,40.405,0.0,0.028906354069535234,0.2016313677367254,1463.0
502781,74,2011-04-26 21:59:37.114950016,United Kingdom,5,29,114.34,48.51,3.906,6.93,2.33,20045,200,ITEM 20045,1,2011-05-14 19:34:55.656628060,10.0,4.747884288187267,5.8,2.9742489270386265,0.4242609760363827,21,1,0,4,122,UK,5,1,0,55.58433159161343,464.22895536750946,124.91399999999999,0.2,-0.2794718290158338,0.2016313677367254,1463.0
500101,100,2011-04-26 23:16:13.604925152,United Kingdom,6,41,224.9,61.83,5.375,7.04,4.22,20093,200,ITEM 20093,0,,0.0,5.420092423473958,6.833333333333333,1.6682464454976305,0.27492218763895065,23,1,0,4,122,UK,7,1,0,130.47069048800796,432.0161039550399,65.30999999999999,0.14285714285714285,-0.5671381785241447,0.2016313677367254,1463.0
502011,331,2011-04-27 00:18:44.661970496,United Kingdom,6,41,244.85,117.30000000000001,6.378333333333334,12.2,0.99,20020,200,ITEM 20020,0,,0.0,5.504721593857949,6.833333333333333,12.323232323232322,0.4790688176434552,0,2,0,4,123,UK,9,2,0,1.0099016015412963,353.27880491897724,80.66000000000001,0.2222222222222222,-0.6820664308041082,0.2016313677367254,1463.0
502404,464,2011-04-27 05:01:47.918849464,United Kingdom,1,4,34.96,34.96,8.74,8.74,8.74,20113,201,ITEM 20113,0,,0.0,3.5824072096034194,4.0,1.0,1.0,5,2,0,4,123,UK,6,0,0,62.60812029681931,433.78301627371,46.00666666666666,0.0,-1.6128550074738417,0.20019785329178413,295.0
503906,444,2011-04-27 05:18:20.718703608,France,1,8,20.56,20.56,2.57,2.57,2.57,20004,200,ITEM 20004,0,,0.0,3.070839746040796,8.0,1.0,1.0,5,2,0,4,123,EU,8,1,0,21.418039550845464,464.57196908691776,78.36124999999998,0.125,0.10139860139860146,0.2016313677367254,1463.0
500442,199,2011-04-27 07:51:55.417266984,United Kingdom,3,17,48.60000000000001,34.900000000000006,2.4466666666666668,3.49,1.85,20096,200,ITEM 20096,0,,0.0,3.903990833730882,5.666666666666667,1.8864864864864865,0.7181069958847737,7,2,0,4,123,UK,7,1,0,25.723412804237963,349.1701023549619,120.39,0.14285714285714285,0.17592200084781673,0.2016313677367254,1463.0
500957,282,2011-04-27 08:09:35.532254056,United Kingdom,3,24,151.76999999999998,72.08,6.246666666666666,9.01,3.94,20001,200,ITEM 20001,1,2011-06-19 01:45:51.002124075,8.0,5.028933522377631,8.0,2.286802030456853,0.47492916913751076,8,2,0,4,123,UK,5,1,0,68.92609560786273,444.9679781715099,101.272,0.2,-0.6860523246125643,0.2016313677367254,1463.0
501550,201,2011-04-27 13:02:17.989538968,Spain,4,25,159.65,109.08,6.72,12.12,1.77,20017,200,ITEM 20017,0,,0.0,5.0792280855618674,6.25,6.847457627118644,0.6832445975571563,13,2,0,4,123,EU,4,1,0,9.024468329294073,338.49303672258344,110.76749999999998,0.25,-0.8361127084531339,0.2016313677367254,1463.0
502713,451,2011-04-27 17:49:23.625752896,United Kingdom,5,22,70.43,27.18,3.12,5.37,1.42,20095,200,ITEM 20095,0,,0.0,4.268717949166882,4.4,3.7816901408450705,0.38591509300014193,17,2,0,4,123,UK,6,0,0,165.70878098441125,422.1545212511711,85.51833333333333,0.0,0.07982754115495161,0.2016313677367254,1463.0
503956,265,2011-04-27 18:53:22.731192392,United Kingdom,6,30,138.98,55.599999999999994,4.345,6.77,2.91,20018,200,ITEM 20018,1,2011-05-02 20:46:22.775476550,3.0,4.941499555261394,5.0,2.326460481099656,0.4000575622391711,18,2,0,4,123,UK,6,1,0,44.64987531397648,452.3501765069177,93.33,0.16666666666666666,-0.20973147060103559,0.2016313677367254,1463.0
500167,362,2011-04-27 20:14:51.858116808,Spain,6,33,123.99,48.73,3.5700000000000003,5.36,1.49,20063,200,ITEM 20063,0,,0.0,4.82823373410213,5.5,3.597315436241611,0.39301556577143315,20,2,0,4,123,EU,7,1,0,1.8109183510687037,388.6660080846586,109.88571428571427,0.14285714285714285,0.06263466263466266,0.2016313677367254,1463.0
500269,172,2011-04-28 03:46:07.745941456,United Kingdom,2,10,92.75,84.87,8.655,9.43,7.88,20093,200,ITEM 20093,0,,0.0,4.54063166485052,5.0,1.1967005076142132,0.9150404312668464,3,3,0,4,124,UK,8,1,0,24.702671903702687,423.57107205543656,81.0325,0.125,-1.7869591346153846,0.2016313677367254,1463.0
502884,56,2011-04-28 04:05:14.868444288,United Kingdom,2,13,87.61,49.76,6.895,7.57,6.22,20055,200,ITEM 20055,1,2011-05-12 21:14:51.205731012,8.0,4.484244718059211,6.5,1.217041800643087,0.5679716927291405,4,3,0,4,124,UK,14,4,0,85.31326105432672,441.2473120872873,96.18071428571429,0.2857142857142857,-0.7407113053844625,0.2016313677367254,1463.0
501825,30,2011-04-28 05:05:19.441029080,France,1,10,99.5,99.5,9.95,9.95,9.95,20026,200,ITEM 20026,1,2011-05-01 22:59:29.547406427,10.0,4.61015772749913,10.0,1.0,1.0,5,3,0,4,124,EU,7,1,0,28.384756090842224,345.0272333541661,53.08571428571429,0.14285714285714285,-1.6357615894039736,0.2016313677367254,1463.0
500729,76,2011-04-28 05:29:38.669584048,Germany,6,32,157.56,70.67999999999999,5.16,11.78,1.08,20072,200,ITEM 20072,0,,0.0,5.066133070581678,5.333333333333333,10.907407407407407,0.4485910129474485,5,3,0,4,124,EU,6,1,0,22.29256411015963,460.38647621875805,75.69166666666666,0.16666666666666666,-0.4828478659827773,0.2016313677367254,1463.0
502195,282,2011-04-28 07:08:34.086524184,United Kingdom,2,15,59.730000000000004,35.53,4.64,6.05,3.23,20116,201,ITEM 20116,0,,0.0,4.106437809909484,7.5,1.873065015479876,0.5948434622467771,7,3,0,4,124,UK,6,1,0,0.9576221559042593,445.92560032741414,109.68833333333333,0.16666666666666666,-0.07408739435353362,0.20019785329178413,295.0
500179,62,2011-04-28 08:15:06.133471200,United Kingdom,1,8,33.28,33.28,4.16,4.16,4.16,20114,201,ITEM 20114,0,,0.0,3.534562093729579,8.0,1.0,1.0,8,3,0,4,124,UK,7,1,0,65.25170409411537,430.31133586647627,91.04714285714284,0.14285714285714285,-0.19368723098995688,0.20019785329178413,295.0
501512,137,2011-04-28 09:11:11.071103944,United Kingdom,1,11,30.36,30.36,2.76,2.76,2.76,20055,200,ITEM 20055,0,,0.0,3.445533195482207,11.0,1.0,1.0,9,3,0,4,124,UK,5,1,0,114.74262524122467,468.87314913259286,59.620000000000005,0.2,0.298602287166455,0.2016313677367254,1463.0
503297,391,2011-04-28 11:27:33.672078264,United Kingdom,2,9,55.56,37.86,6.105,6.31,5.9,20118,201,ITEM 20118,0,,0.0,4.0353020215883175,4.5,1.0694915254237287,0.6814254859611231,11,3,0,4,124,UK,8,1,0,129.16310427031473,337.2201760724816,84.73,0.125,-0.8264299802761341,0.20019785329178413,295.0
501009,269,2011-04-28 12:33:00.357118736,Germany,3,23,138.9,56.16,6.083333333333333,7.02,5.12,20061,200,ITEM 20061,0,,0.0,4.940927881671436,7.666666666666667,1.3710937499999998,0.4043196544276457,12,3,0,4,124,EU,6,2,0,77.45929439053027,362.4628022667736,82.98333333333333,0.3333333333333333,-0.6126785092302336,0.2016313677367254,1463.0
503590,183,2011-04-28 16:13:03.979215688,United Kingdom,3,13,54.72,27.3,4.303333333333334,5.46,3.13,20009,200,ITEM 20009,1,2011-05-02 15:00:30.173336513,5.0,4.020339148911605,4.333333333333333,1.744408945686901,0.49890350877192985,16,3,0,4,124,UK,9,0,0,4.800466532859907,461.24287574352417,117.72111111111111,0.0,-0.17098223839075533,0.2016313677367254,1463.0
503941,495,2011-04-28 19:54:56.044454088,Spain,6,47,149.07999999999998,36.8,3.6833333333333336,7.83,1.38,20086,200,ITEM 20086,0,,0.0,5.011168485257914,7.833333333333333,5.673913043478262,0.24684733029246042,19,3,0,4,124,EU,3,0,0,38.54112872937685,142.03322399469224,53.54,0.0,0.02361070177162139,0.2016313677367254,1463.0
502123,319,2011-04-29 01:25:39.449792416,United Kingdom,2,15,35.47,19.44,2.3600000000000003,2.43,2.29,20057,200,ITEM 20057,0,,0.0,3.596490004820589,7.5,1.0611353711790394,0.5480687905272061,1,4,0,4,125,UK,8,2,0,22.864686520425092,475.18616939796556,69.13125000000001,0.25,0.12094175960346965,0.2016313677367254,1463.0
501325,328,2011-04-29 03:10:38.098834864,Spain,4,27,116.68,51.12,4.915,6.84,0.95,20115,201,ITEM 20115,1,2011-05-29 07:24:40.160791360,2.0,4.767969076293182,6.75,7.2,0.43812135755913606,3,4,0,4,125,EU,4,1,0,147.05186609010505,463.85979943988525,124.065,0.25,-0.2456496210099286,0.20019785329178413,295.0
500330,96,2011-04-29 11:34:39.316683696,United Kingdom,6,28,132.6,66.64,4.405,8.33,2.04,20085,200,ITEM 20085,0,,0.0,4.894850261102546,4.666666666666667,4.083333333333333,0.5025641025641026,11,4,0,4,125,UK,9,1,0,38.23023263421945,340.87588360315203,111.77666666666667,0.1111111111111111,-0.19967429657106672,0.2016313677367254,1463.0
503919,6,2011-04-29 11:44:15.536092352,France,6,39,198.44,81.52,4.906666666666666,10.19,2.06,20108,201,ITEM 20108,1,2011-06-26 08:12:23.965302278,1.0,5.295513439215302,6.5,4.946601941747573,0.4108042733319895,11,4,0,4,125,EU,3,0,0,24.96234051461074,241.38926491926205,94.14666666666666,0.0,-0.373097149183504,0.20019785329178413,295.0
502980,24,2011-04-29 14:26:51.359711088,United Kingdom,4,34,128.94,66.2,3.6375,6.62,1.37,20054,200,ITEM 20054,0,,0.0,4.867072805452385,8.5,4.8321167883211675,0.5134170932216535,14,4,0,4,125,UK,3,2,0,139.12682117441483,375.92500468548116,148.10333333333332,0.6666666666666666,-0.12180267965895242,0.2016313677367254,1463.0
502746,335,2011-04-29 17:45:36.314468224,United Kingdom,1,5,11.55,11.55,2.31,2.31,2.31,20070,200,ITEM 20070,0,,0.0,2.529720665577793,5.0,1.0,1.0,17,4,0,4,125,UK,6,4,0,38.63618111062685,357.07563059142564,81.735,0.6666666666666666,0.33333333333333326,0.2016313677367254,1463.0
500722,244,2011-04-29 18:29:28.514392104,United Kingdom,3,16,48.629999999999995,29.97,3.31,4.78,1.82,20066,200,ITEM 20066,0,,0.0,3.9045954895993495,5.333333333333333,2.6263736263736264,0.6162862430598396,18,4,0,4,125,UK,6,3,0,42.82431172368833,404.2162210680458,65.835,0.5,0.11878227779287864,0.2016313677367254,1463.0
502528,352,2011-04-29 22:09:54.893501184,United Kingdom,5,31,134.73,74.6,3.864,7.46,2.31,20081,200,ITEM 20081,0,,0.0,4.910667618309874,6.2,3.2294372294372296,0.553699992577748,22,4,0,4,125,UK,8,1,0,64.4859183478263,477.92226588810905,95.69375,0.125,-0.20969696969696972,0.2016313677367254,1463.0
503685,21,2011-04-29 23:17:58.851331208,United Kingdom,5,35,220.26,94.60000000000001,5.832,9.46,4.25,20046,200,ITEM 20046,0,,0.0,5.399338480606764,7.0,2.2258823529411766,0.4294924180513939,23,4,0,4,125,UK,9,1,0,30.860951108725832,429.72509424529926,87.00111111111111,0.1111111111111111,-0.7910229305578143,0.2016313677367254,1463.0
500027,328,2011-04-30 05:20:17.074952088,Spain,2,3,18.92,13.42,6.105,6.71,5.5,20034,200,ITEM 20034,1,2011-05-13 03:03:41.562553544,2.0,2.991724252156452,1.5,1.22,0.7093023255813953,5,5,1,4,126,EU,5,1,0,1.0900344458012037,464.9498338856865,122.58800000000001,0.2,-0.7153218495013598,0.2016313677367254,1463.0
502005,128,2011-04-30 07:40:11.104500648,United Kingdom,4,20,69.5,31.11,4.8100000000000005,10.37,2.01,20071,200,ITEM 20071,0,,0.0,4.255612709818223,5.0,5.159203980099503,0.44762589928057556,7,5,1,4,126,UK,4,0,0,87.62303207228709,406.20192628676085,124.80749999999999,0.0,0.05864824597047269,0.2016313677367254,1463.0
502184,469,2011-04-30 07:55:42.684398632,United Kingdom,6,31,113.62,40.099999999999994,4.098333333333334,6.46,2.8,20097,200,ITEM 20097,0,,0.0,4.741622309123591,5.166666666666667,2.3071428571428574,0.35293082203837345,7,5,1,4,126,UK,6,1,0,34.79607066729908,361.1729914869734,85.695,0.16666666666666666,0.017425519955030944,0.2016313677367254,1463.0
502599,283,2011-04-30 12:14:08.692700096,EIRE,1,3,17.25,17.25,5.75,5.75,5.75,20097,200,ITEM 20097,0,,0.0,2.9041650800285006,3.0,1.0,1.0,12,5,1,4,126,EU,4,1,0,268.6566306372514,470.83460764288594,46.45,0.25,-0.3990267639902674,0.2016313677367254,1463.0
503032,353,2011-04-30 20:35:28.089596048,Spain,1,5,8.7,8.7,1.74,1.74,1.74,20112,201,ITEM 20112,0,,0.0,2.272125885509337,5.0,1.0,1.0,20,5,1,4,126,EU,9,0,0,81.07313109396783,471.8075333277828,93.54777777777778,0.0,0.510548523206751,0.20019785329178413,295.0
500828,78,2011-04-30 22:09:32.705307880,United Kingdom,3,19,41.28,19.6,2.2733333333333334,2.62,1.96,20106,201,ITEM 20106,0,,0.0,3.7443141610020367,6.333333333333333,1.336734693877551,0.4748062015503876,22,5,1,4,126,UK,3,0,0,4.139919190453056,361.22087157332965,63.38666666666666,0.0,0.36560627017058545,0.20019785329178413,295.0
503125,437,2011-05-01 02:43:44.115217448,France,3,18,45.900000000000006,20.32,2.6,2.99,2.27,20106,201,ITEM 20106,0,,0.0,3.8480176754522337,6.0,1.3171806167400881,0.4427015250544662,2,6,1,5,127,EU,3,1,0,190.28477439229474,404.3414502766766,125.66000000000001,0.3333333333333333,0.2966595157830215,0.20019785329178413,295.0
502950,284,2011-05-01 09:20:35.677485840,United Kingdom,5,45,245.73,120.19999999999999,5.34,12.02,1.92,20063,200,ITEM 20063,0,,0.0,5.508294621330488,9.0,6.260416666666667,0.4891547633581573,9,6,1,5,127,UK,11,4,0,22.43592452917167,475.4737713165677,88.91909090909093,0.36363636363636365,-0.5189145753492397,0.2016313677367254,1463.0
502732,283,2011-05-01 09:42:12.679152600,United Kingdom,1,4,8.16,8.16,2.04,2.04,2.04,20079,200,ITEM 20079,0,,0.0,2.214846178686039,4.0,1.0,1.0,9,6,1,5,127,UK,5,1,0,0.8944905839410185,471.7290982268269,40.61,0.2,0.4631578947368421,0.2016313677367254,1463.0
501209,247,2011-05-01 14:08:25.071115616,United Kingdom,5,20,61.71,33.12,3.5140000000000002,5.52,1.3,20119,201,ITEM 20119,0,,0.0,4.138520924554929,4.0,4.246153846153845,0.5367039377734565,14,6,1,5,127,UK,9,1,0,48.85441560516694,438.86728266254187,82.51666666666667,0.1111111111111111,0.16557365965790005,0.20019785329178413,295.0
500221,194,2011-05-01 15:54:41.257612008,United Kingdom,1,3,3.57,3.57,1.19,1.19,1.19,20039,200,ITEM 20039,0,,0.0,1.5195132049061133,3.0,1.0,1.0,15,6,1,5,127,UK,5,3,0,117.75474767334282,423.7212834553008,86.324,0.6,0.5952380952380953,0.2016313677367254,1463.0
503505,400,2011-05-01 17:21:20.835602992,United Kingdom,6,23,65.41,20.16,3.5866666666666664,8.38,1.69,20039,200,ITEM 20039,1,2011-05-30 16:00:27.961227581,1.0,4.195847647552622,3.8333333333333335,4.958579881656806,0.30820975386026606,17,6,1,5,127,UK,4,0,0,12.502827021463888,441.9117321804872,88.42,0.0,0.11097519537886513,0.2016313677367254,1463.0
503897,407,2011-05-02 00:57:25.775854512,United Kingdom,4,35,97.12,43.5,2.6799999999999997,4.35,1.82,20082,200,ITEM 20082,0,,0.0,4.5861912193902885,8.75,2.3901098901098896,0.4478995057660626,0,0,0,5,128,UK,6,1,0,135.9451836750551,428.6845201315877,86.555,0.16666666666666666,0.10011582117211015,0.2016313677367254,1463.0
503730,106,2011-05-02 01:29:07.152682776,United Kingdom,1,8,38.0,38.0,4.75,4.75,4.75,20006,200,ITEM 20006,0,,0.0,3.6635616461296463,8.0,1.0,1.0,1,0,0,5,128,UK,4,1,0,69.68950467019681,446.59302737216757,50.0475,0.25,-0.26329787234042556,0.2016313677367254,1463.0
502965,269,2011-05-02 06:22:35.181591824,France,5,37,156.32,78.1,3.442,7.1,1.03,20030,200,ITEM 20030,0,,0.0,5.058281947563609,7.4,6.893203883495145,0.49961617195496416,6,0,0,5,128,EU,7,2,0,3.742764172142222,366.2055664389158,90.97142857142856,0.2857142857142857,-0.13172850678733017,0.2016313677367254,1463.0
502856,432,2011-05-02 08:45:09.024785344,Spain,2,14,42.089999999999996,21.299999999999997,3.285,4.26,2.31,20119,201,ITEM 20119,0,,0.0,3.7632909516277464,7.0,1.844155844155844,0.5060584461867427,8,0,0,5,128,EU,9,4,0,7.490279596745278,469.31293223503906,113.54555555555557,0.4444444444444444,0.13332646967981077,0.20019785329178413,295.0
501194,165,2011-05-02 09:32:20.866635152,EIRE,2,16,65.2,33.52,4.075,4.19,3.96,20088,200,ITEM 20088,0,,0.0,4.192680462942962,8.0,1.0580808080808082,0.5141104294478528,9,0,0,5,128,EU,3,0,0,105.06511633895954,274.8928558880974,80.91333333333334,0.0,-0.05569948186528495,0.2016313677367254,1463.0
503733,218,2011-05-02 09:39:10.263374096,Spain,1,7,25.900000000000002,25.900000000000002,3.7,3.7,3.7,20061,200,ITEM 20061,0,,0.0,3.2921262866077936,7.0,1.0,1.0,9,0,0,5,128,EU,11,1,0,27.581614849555372,480.68237360855795,90.3890909090909,0.09090909090909091,0.14942528735632166,0.2016313677367254,1463.0
503943,136,2011-05-02 10:35:17.365096328,Spain,4,30,145.74,54.48,4.725,6.81,3.27,20015,200,ITEM 20015,1,2011-05-08 17:34:08.437963497,4.0,4.9886623132858485,7.5,2.0825688073394493,0.3738163853437628,10,0,0,5,128,EU,10,5,0,141.74870412167564,410.8902055226242,86.42499999999998,0.5,-0.3899856938483548,0.2016313677367254,1463.0
500162,198,2011-05-02 19:45:51.276416264,United Kingdom,6,40,240.82999999999998,74.34,5.866666666666667,9.13,0.82,20008,200,ITEM 20008,1,2011-06-02 23:32:37.724876742,9.0,5.488234999963619,6.666666666666667,11.134146341463417,0.30868247311381475,19,0,0,5,128,UK,8,2,0,43.36115500733222,460.8186212883031,158.51125000000002,0.25,-0.7331510201144253,0.2016313677367254,1463.0
503220,60,2011-05-02 21:39:56.600228648,Germany,5,20,73.53,40.46,3.2020000000000004,5.78,1.59,20010,200,ITEM 20010,0,,0.0,4.311201728893603,4.0,3.6352201257861636,0.5502515979872161,21,0,0,5,128,EU,7,3,0,21.282976516504352,433.17749142282815,97.11,0.42857142857142855,-0.05760517799352738,0.2016313677367254,1463.0
503359,444,2011-05-03 01:30:11.863969784,France,4,27,121.11000000000001,38.07000000000001,4.765000000000001,5.81,3.83,20009,200,ITEM 20009,0,,0.0,4.8049222778449305,6.75,1.516971279373368,0.3143423334159029,1,1,0,5,129,EU,9,1,0,5.841564181321481,470.41353326823923,71.93888888888887,0.1111111111111111,-0.3719626168224299,0.2016313677367254,1463.0
501340,76,2011-05-03 05:06:05.539146080,United Kingdom,4,32,68.99000000000001,34.760000000000005,2.09,3.16,1.33,20006,200,ITEM 20006,1,2011-06-10 16:44:35.660761904,11.0,4.248352374701448,8.0,2.3759398496240602,0.5038411363965792,5,1,0,5,129,UK,7,1,0,4.983644323634629,465.37012054239267,87.38714285714286,0.14285714285714285,0.4176584789398159,0.2016313677367254,1463.0
500962,54,2011-05-03 08:34:17.303222064,United Kingdom,4,25,102.19,44.4,3.8449999999999998,5.55,1.94,20020,200,ITEM 20020,1,2011-06-23 19:20:54.376775976,3.0,4.636571949127623,6.25,2.8608247422680413,0.43448478324689305,8,1,0,5,129,UK,6,0,0,119.72121502623209,475.8070529271779,112.70999999999998,0.0,-0.1797506349572846,0.2016313677367254,1463.0
500806,346,2011-05-03 10:05:29.602642256,United Kingdom,2,19,84.32,63.72,4.57,7.08,2.06,20040,200,ITEM 20040,0,,0.0,4.44640889360315,9.5,3.436893203883495,0.7556925996204934,10,1,0,5,129,UK,7,0,0,21.922039116526665,342.2884017207815,111.57285714285715,0.0,-0.4756737836891842,0.2016313677367254,1463.0
501922,35,2011-05-03 11:23:49.815069576,United Kingdom,3,20,79.19,54.74,3.896666666666667,7.82,1.7,20019,200,ITEM 20019,1,2011-06-27 06:04:06.408306540,7.0,4.384398818818937,6.666666666666667,4.6000000000000005,0.691248895062508,11,1,0,5,129,UK,9,2,0,63.40355095122935,477.58071611912925,78.32999999999998,0.2222222222222222,-0.23753711517424603,0.2016313677367254,1463.0
500165,278,2011-05-03 19:14:31.993102424,United Kingdom,3,16,38.900000000000006,22.68,2.4833333333333334,2.81,2.12,20048,200,ITEM 20048,0,,0.0,3.686376323895818,5.333333333333333,1.3254716981132075,0.5830334190231361,19,1,0,5,129,UK,5,2,0,39.3833343196787,292.82601186639897,91.258,0.4,0.3269313954494333,0.2016313677367254,1463.0
503272,365,2011-05-04 05:53:32.513219832,United Kingdom,4,19,57.059999999999995,30.299999999999997,4.1274999999999995,10.1,0.84,20034,200,ITEM 20034,0,,0.0,4.061476958596484,4.75,12.023809523809524,0.5310199789695058,5,2,0,5,130,UK,6,1,0,210.40915600570042,469.5930795829001,68.96833333333332,0.16666666666666666,0.13104393512525692,0.2016313677367254,1463.0
502771,391,2011-05-04 11:18:39.463830976,United Kingdom,2,14,35.96,24.200000000000003,3.06,3.92,2.2,20050,200,ITEM 20050,0,,0.0,3.6098362467734835,7.0,1.7818181818181817,0.6729699666295885,11,2,0,5,130,UK,9,1,0,5.993817034174907,343.21399310665646,81.4888888888889,0.1111111111111111,0.33573473723099656,0.2016313677367254,1463.0
503151,298,2011-05-04 11:46:16.712428304,Spain,4,23,107.94,53.239999999999995,4.3175,5.24,2.27,20102,201,ITEM 20102,0,,0.0,4.690797271955528,5.75,2.3083700440528636,0.493236983509357,11,2,0,5,130,EU,1,0,0,370.6474951180877,370.6474951180877,3.74,0.0,-0.30110896817743504,0.20019785329178413,295.0
500480,371,2011-05-04 16:37:40.156707120,United Kingdom,2,12,70.75999999999999,44.08,6.09,6.67,5.51,20082,200,ITEM 20082,0,,0.0,4.27332721775054,6.0,1.2105263157894737,0.6229508196721312,16,2,0,5,130,UK,5,1,0,53.77197233998648,436.16483024250186,71.724,0.2,-0.9876404494382018,0.2016313677367254,1463.0
503225,303,2011-05-04 19:59:07.180000616,France,3,29,89.92,39.160000000000004,3.0666666666666664,3.56,2.56,20024,200,ITEM 20024,0,,0.0,4.509979998984343,9.666666666666666,1.390625,0.4354982206405694,19,2,0,5,130,EU,9,4,0,16.408882068747687,458.67727403752036,62.93222222222222,0.4444444444444444,0.15197812043193282,0.2016313677367254,1463.0
503846,83,2011-05-04 23:02:05.910349152,United Kingdom,6,38,125.41,32.27,3.2533333333333334,5.09,0.89,20074,200,ITEM 20074,0,,0.0,4.839530592507466,6.333333333333333,5.719101123595506,0.25731600350849215,23,2,0,5,130,UK,5,0,0,150.25807880116884,437.70866128502564,101.30400000000002,0.0,-0.009051776159633151,0.2016313677367254,1463.0
502644,260,2011-05-05 00:35:16.543665128,United Kingdom,5,28,118.30000000000001,50.0,4.446,8.21,0.92,20098,200,ITEM 20098,0,,0.0,4.781641329103871,5.6,8.923913043478262,0.4226542688081149,0,3,0,5,131,UK,1,0,0,242.05973819102607,242.05973819102607,73.23,0.0,-0.14343707713125853,0.2016313677367254,1463.0
501830,197,2011-05-05 04:19:00.646928536,France,2,8,19.64,13.700000000000001,2.3600000000000003,2.74,1.98,20083,200,ITEM 20083,0,,0.0,3.027230940613362,4.0,1.3838383838383839,0.6975560081466395,4,3,0,5,131,EU,2,1,0,225.44372927484088,357.2287054084389,110.72500000000001,0.5,0.35181518151815183,0.2016313677367254,1463.0
502428,34,2011-05-05 15:09:46.574442528,United Kingdom,5,26,92.38999999999999,41.849999999999994,4.044,8.37,1.15,20001,200,ITEM 20001,0,,0.0,4.536784273121627,5.2,7.278260869565218,0.45297110076848146,15,3,0,5,131,UK,7,1,0,87.92410865824894,461.49679741889935,85.77999999999999,0.14285714285714285,-0.04042792792792782,0.2016313677367254,1463.0
501384,187,2011-05-05 15:23:36.450868744,United Kingdom,2,8,33.62,20.45,4.24,4.39,4.09,20039,200,ITEM 20039,0,,0.0,3.544431549748063,4.0,1.0733496332518337,0.6082688875669244,15,3,0,5,131,UK,3,0,0,70.67633793776736,256.36118975517513,100.93666666666667,0.0,-0.3904052936311,0.2016313677367254,1463.0
501338,333,2011-05-05 20:28:05.587797592,Spain,3,15,41.980000000000004,27.72,3.703333333333333,5.38,1.11,20093,200,ITEM 20093,1,2011-06-21 08:59:27.172511415,1.0,3.7607348912143643,5.0,4.846846846846846,0.6603144354454501,20,3,0,5,131,EU,10,0,0,10.9180551215525,367.66139829019687,65.33900000000001,0.0,0.16805390408244136,0.2016313677367254,1463.0
501700,436,2011-05-06 04:41:49.313001824,United Kingdom,1,4,11.72,11.72,2.93,2.93,2.93,20029,200,ITEM 20029,0,,0.0,2.543175557911976,4.0,1.0,1.0,4,4,0,5,132,UK,8,3,0,22.035848935503797,391.74435883621646,94.6525,0.375,0.23298429319371716,0.2016313677367254,1463.0
502165,167,2011-05-06 05:55:54.205775816,United Kingdom,4,18,59.05,22.0,3.86,5.5,0.65,20119,201,ITEM 20119,0,,0.0,4.095177548525992,4.5,8.461538461538462,0.37256562235393736,5,4,0,5,132,UK,3,0,0,79.22521887630214,174.98296722601893,105.83333333333333,0.0,-0.013472925426928573,0.20019785329178413,295.0
500363,121,2011-05-06 09:32:48.216021600,Spain,3,11,37.16,28.0,2.86,4.0,0.77,20013,200,ITEM 20013,0,,0.0,3.6417878465800855,3.6666666666666665,5.194805194805195,0.7534983853606029,9,4,0,5,132,EU,6,1,0,195.17379294805912,446.87145837139946,76.355,0.16666666666666666,0.12389484852057064,0.2016313677367254,1463.0
503570,432,2011-05-06 10:03:39.363153168,United Kingdom,6,39,269.15,71.10000000000001,7.761666666666667,15.66,2.11,20031,200,ITEM 20031,1,2011-06-24 18:30:44.311508328,10.0,5.598977360290075,6.5,7.4218009478672995,0.2641649637748468,10,4,0,5,132,UK,10,4,0,4.054517805183148,473.3674500402222,106.4,0.4,-0.8405935854475821,0.2016313677367254,1463.0
501193,162,2011-05-06 11:01:52.900423272,United Kingdom,2,3,6.72,5.42,2.005,2.71,1.3,20062,200,ITEM 20062,0,,0.0,2.0438143640366846,1.5,2.0846153846153843,0.8065476190476191,11,4,0,5,132,UK,5,1,0,15.635225225452778,227.98849882044487,77.88399999999999,0.2,0.38630136986301367,0.2016313677367254,1463.0
503170,241,2011-05-06 11:22:37.082189776,United Kingdom,5,17,65.03,26.45,3.7159999999999997,5.62,0.72,20047,200,ITEM 20047,0,,0.0,4.19010918420648,3.4,7.805555555555556,0.40673535291403967,11,4,0,5,132,UK,9,1,0,90.80556491375523,479.83934047809896,76.29222222222221,0.1111111111111111,-0.1421796785808378,0.2016313677367254,1463.0
501789,316,2011-05-06 23:44:04.085732032,Spain,6,41,200.10999999999999,58.5,5.056666666666667,7.96,2.05,20027,200,ITEM 20027,0,,0.0,5.303852022046511,6.833333333333333,3.882926829268293,0.2923392134326121,23,4,0,5,132,EU,7,1,0,37.91560529244167,455.9738189542561,94.76142857142858,0.14285714285714285,-0.46466605672461103,0.2016313677367254,1463.0
501737,365,2011-05-07 01:56:39.510913528,EIRE,6,34,50.349999999999994,18.2,1.5966666666666667,2.71,0.79,20056,200,ITEM 20056,1,2011-06-10 06:43:14.391828067,10.0,3.938664936374567,5.666666666666667,3.4303797468354427,0.3614697120158888,1,5,1,5,133,EU,7,1,0,2.835497658491852,472.42857724139196,67.26714285714284,0.14285714285714285,0.5974898073387162,0.2016313677367254,1463.0
501731,425,2011-05-07 14:34:56.011634848,United Kingdom,5,37,135.98000000000002,49.21,3.97,7.03,0.87,20090,200,ITEM 20090,0,,0.0,4.91983492976976,7.4,8.080459770114944,0.36189145462568023,14,5,1,5,133,UK,8,3,0,102.96928300524361,453.2975103044623,103.78000000000002,0.375,-0.04123435047283608,0.2016313677367254,1463.0
502633,435,2011-05-07 15:35:13.504017248,United Kingdom,5,30,81.07,30.36,3.2619999999999996,7.59,1.48,20084,200,ITEM 20084,0,,0.0,4.4075725416416205,6.0,5.128378378378378,0.37449118046132973,15,5,1,5,133,UK,7,0,0,96.25656323318171,482.9858475430758,95.55571428571429,0.0,0.22973871733966755,0.2016313677367254,1463.0
500161,88,2011-05-07 16:23:09.043504128,United Kingdom,3,16,45.12,31.2,2.3333333333333335,3.9,0.79,20054,200,ITEM 20054,0,,0.0,3.8312466954008584,5.333333333333333,4.936708860759493,0.6914893617021277,16,5,1,5,133,UK,4,0,0,76.65166085665204,456.12477850563835,98.4975,0.0,0.18541252933742558,0.2016313677367254,1463.0
501605,64,2011-05-07 17:27:08.130003456,EIRE,4,23,131.57,81.45,5.085000000000001,9.05,2.97,20039,200,ITEM 20039,0,,0.0,4.887110807810759,5.75,3.047138047138047,0.6190620962225432,17,5,1,5,133,EU,4,2,0,32.960320858125094,483.639214697848,108.9475,0.5,-0.6088285644411835,0.2016313677367254,1463.0
500098,132,2011-05-08 00:25:25.733443608,United Kingdom,2,22,79.75,41.69,3.625,3.79,3.46,20033,200,ITEM 20033,0,,0.0,4.391357962102766,11.0,1.0953757225433527,0.5227586206896552,0,6,1,5,134,UK,5,1,0,39.899890327845185,455.37534978005294,90.54400000000001,0.2,-0.11538461538461542,0.2016313677367254,1463.0
503642,171,2011-05-08 02:27:23.335059680,United Kingdom,6,41,190.49,68.25,4.753333333333333,9.75,1.82,20035,200,ITEM 20035,0,,0.0,5.254835587936076,6.833333333333333,5.357142857142857,0.35828652422699353,2,6,1,5,134,UK,4,1,0,72.57722180834162,429.92092307598534,63.85000000000001,0.25,-0.2329848862422732,0.2016313677367254,1463.0
501381,425,2011-05-08 06:43:48.674944992,United Kingdom,4,19,72.41,30.119999999999997,3.8375,5.02,2.66,20041,200,ITEM 20041,0,,0.0,4.29606016612269,4.75,1.8872180451127818,0.4159646457671592,6,6,1,5,134,UK,9,3,0,0.6728317512748148,453.97034205573715,107.3577777777778,0.3333333333333333,-0.11700732741997677,0.2016313677367254,1463.0
503968,25,2011-05-08 07:47:12.594755648,Germany,1,8,48.4,48.4,6.05,6.05,6.05,20031,200,ITEM 20031,0,,0.0,3.899950424193877,8.0,1.0,1.0,7,6,1,5,134,EU,7,1,0,47.49843589280287,349.41979540352554,99.8457142857143,0.14285714285714285,-0.5355329949238579,0.2016313677367254,1463.0
501858,495,2011-05-08 10:12:01.023934840,United Kingdom,6,30,93.15,39.620000000000005,3.848333333333334,5.97,1.56,20106,201,ITEM 20106,0,,0.0,4.544889255103161,5.0,3.8269230769230766,0.4253354804079442,10,6,1,5,134,UK,4,0,0,9.595196521767964,151.62842051646018,77.425,0.0,0.07795100222717133,0.20019785329178413,295.0
503403,24,2011-05-08 10:26:37.317166344,United Kingdom,1,3,28.619999999999997,28.619999999999997,9.54,9.54,9.54,20031,200,ITEM 20031,0,,0.0,3.3884498088396526,3.0,1.0,1.0,10,6,1,5,134,UK,4,2,0,8.833170803880277,384.75817548936146,143.3125,0.5,-1.4213197969543145,0.2016313677367254,1463.0
501477,45,2011-05-08 13:32:38.207080480,United Kingdom,6,30,166.68,78.0,4.358333333333333,7.8,0.91,20027,200,ITEM 20027,1,2011-05-19 15:46:19.965045162,10.0,5.122057401132677,5.0,8.571428571428571,0.46796256299496036,13,6,1,5,134,UK,9,3,0,19.11258280699685,486.8649032357685,105.82,0.3333333333333333,-0.6201399688958011,0.2016313677367254,1463.0
501078,253,2011-05-08 16:30:38.705711632,United Kingdom,2,8,15.209999999999999,14.209999999999999,1.515,2.03,1.0,20095,200,ITEM 20095,0,,0.0,2.785628335747585,4.0,2.03,0.9342537804076265,16,6,1,5,134,UK,5,2,0,131.40634142126527,462.9266019646074,129.376,0.4,0.4375,0.2016313677367254,1463.0
503327,57,2011-05-08 19:53:56.900881448,United Kingdom,1,5,46.050000000000004,46.050000000000004,9.21,9.21,9.21,20056,200,ITEM 20056,0,,0.0,3.851210866031389,5.0,1.0,1.0,19,6,1,5,134,UK,6,0,0,149.63660882725117,362.07856927453213,69.91333333333334,0.0,-1.4365079365079367,0.2016313677367254,1463.0
502642,494,2011-05-08 21:38:20.474288840,United Kingdom,2,13,22.54,12.64,2.13,3.16,1.1,20082,200,ITEM 20082,0,,0.0,3.1587011018321305,6.5,2.8727272727272726,0.5607808340727596,21,6,1,5,134,UK,0,0,1,,0.0,,,0.5006645990252547,0.2016313677367254,1463.0
502921,404,2011-05-08 22:37:45.704293752,United Kingdom,2,14,71.18,64.98,4.2299999999999995,7.22,1.24,20052,200,ITEM 20052,0,,0.0,4.279162999214643,7.0,5.82258064516129,0.9128968811463894,22,6,1,5,134,UK,6,1,0,23.61182340769361,404.7734999159996,47.03333333333334,0.16666666666666666,-0.3070143224384869,0.2016313677367254,1463.0
500488,45,2011-05-09 01:52:50.337030448,France,6,35,98.14999999999999,40.599999999999994,2.6799999999999997,4.06,1.13,20000,200,ITEM 20000,0,,0.0,4.596633854965805,5.833333333333333,3.5929203539823007,0.41365257259296995,1,0,0,5,135,EU,10,3,0,0.5140292818283333,487.37893251759687,111.90599999999999,0.3,0.2417921977597528,0.2016313677367254,1463.0
500686,87,2011-05-09 02:34:21.689707536,Spain,4,23,65.47,28.2,3.505,5.64,1.25,20114,201,ITEM 20114,0,,0.0,4.19675071805349,5.75,4.512,0.43073163280892013,2,0,0,5,135,EU,0,0,1,,0.0,,,0.1640704800817161,0.20019785329178413,295.0
501401,167,2011-05-09 08:37:15.198871256,United Kingdom,2,7,13.33,7.72,1.9,1.93,1.87,20044,200,ITEM 20044,0,,0.0,2.6623552418400807,3.5,1.032085561497326,0.5791447861965491,8,0,0,5,135,UK,4,0,0,3.1120485311972224,178.09501575721615,94.1375,0.0,0.3435114503816794,0.2016313677367254,1463.0
500433,263,2011-05-09 14:16:51.761249864,United Kingdom,5,32,118.89,38.07000000000001,3.594,5.33,1.93,20095,200,ITEM 20095,0,,0.0,4.786574655719562,6.4,2.761658031088083,0.320211960635882,14,0,0,5,135,UK,5,1,0,71.69117891018065,486.60626690156073,97.416,0.2,-0.059059326563335235,0.2016313677367254,1463.0
500934,489,2011-05-09 18:54:35.699711080,United Kingdom,3,16,109.73,64.88,7.81,16.22,2.81,20039,200,ITEM 20039,0,,0.0,4.707094805710017,5.333333333333333,5.772241992882562,0.5912694796318235,18,0,0,5,135,UK,11,2,0,22.986536596331018,428.3181114979052,86.85909090909091,0.18181818181818182,-1.2513336068937218,0.2016313677367254,1463.0
503735,43,2011-05-09 21:35:54.699326152,France,6,44,163.65,41.7,4.306666666666667,9.66,1.46,20082,200,ITEM 20082,1,2011-06-12 03:39:16.371181006,10.0,5.103822008822373,7.333333333333333,6.616438356164384,0.25481209899175067,21,0,0,5,135,EU,5,1,0,135.84659822450175,466.78172617145316,102.46600000000001,0.2,-0.07955669899069862,0.2016313677367254,1463.0
501083,82,2011-05-10 01:59:19.059986704,United Kingdom,5,34,94.03,55.0,3.4240000000000004,5.67,0.72,20115,201,ITEM 20115,0,,0.0,4.5541926312232235,6.8,7.875,0.5849197064766564,1,1,0,5,136,UK,6,1,0,37.46606464587408,317.8840453363027,120.33833333333332,0.16666666666666666,0.22935704626480347,0.20019785329178413,295.0
500135,279,2011-05-10 06:28:25.960197016,United Kingdom,2,13,52.4,30.18,8.555,15.09,2.02,20037,200,ITEM 20037,0,,0.0,3.977810745966149,6.5,7.47029702970297,0.5759541984732824,6,1,0,5,136,UK,6,1,0,16.146960956949446,280.8359491637645,116.92,0.16666666666666666,-0.3667188315075638,0.2016313677367254,1463.0
500895,442,2011-05-10 11:08:08.001138376,United Kingdom,1,6,6.48,6.48,1.08,1.08,1.08,20031,200,ITEM 20031,0,,0.0,2.012232791986386,6.0,1.0,1.0,11,1,0,5,136,UK,12,3,0,66.61830055537722,427.29743835387916,83.74166666666666,0.25,0.7258883248730965,0.2016313677367254,1463.0
501187,359,2011-05-10 16:49:02.605937240,United Kingdom,4,21,79.23,40.8,4.635,10.12,1.59,20014,200,ITEM 20014,0,,0.0,4.3848975097655645,5.25,6.364779874213836,0.5149564558879212,16,1,0,5,136,UK,3,2,0,73.73376989288907,260.6883941112288,82.48,0.6666666666666666,-0.11278089887640452,0.2016313677367254,1463.0
502061,443,2011-05-10 17:57:22.196012360,France,2,7,65.39,55.52,8.585,13.88,3.29,20010,200,ITEM 20010,0,,0.0,4.195546442731068,3.5,4.218844984802431,0.849059489218535,17,1,0,5,136,EU,5,1,0,40.23696728667528,423.4640598281438,57.4,0.2,-1.664086371969851,0.2016313677367254,1463.0
503001,346,2011-05-10 20:57:32.606911864,United Kingdom,3,23,43.89,16.740000000000002,1.9366666666666668,2.1,1.85,20081,200,ITEM 20081,0,,0.0,3.804215052793841,7.666666666666667,1.135135135135135,0.381408065618592,20,1,0,5,136,UK,8,0,0,7.452812549416759,349.74121427019827,108.16624999999999,0.0,0.44579834585516753,0.2016313677367254,1463.0
503613,218,2011-05-11 12:31:30.989426200,EIRE,4,17,48.58,21.450000000000003,4.2275,7.15,1.52,20013,200,ITEM 20013,0,,0.0,3.9035875266070446,4.25,4.703947368421053,0.4415397282832442,12,2,0,5,137,EU,12,1,0,9.119684329306759,489.80205793786473,85.01499999999999,0.08333333333333333,0.20203679369250982,0.2016313677367254,1463.0
502328,372,2011-05-11 20:53:52.661792128,United Kingdom,3,20,86.18,44.73,3.733333333333333,6.39,0.95,20022,200,ITEM 20022,0,,0.0,4.467974946810247,6.666666666666667,6.726315789473684,0.5190299373404501,20,2,0,5,137,UK,10,1,0,17.83995308633287,334.89965721813843,77.91600000000001,0.1,-0.24600592785368347,0.2016313677367254,1463.0
503746,350,2011-05-12 01:38:49.887822952,France,3,18,60.56,29.96,4.026666666666666,7.49,2.04,20004,200,ITEM 20004,0,,0.0,4.120012308970678,6.0,3.6715686274509802,0.4947159841479524,1,3,0,5,138,EU,7,2,0,174.86021715796707,327.9255567447437,103.4742857142857,0.2857142857142857,-0.043238587424633934,0.2016313677367254,1463.0
500793,128,2011-05-12 02:24:13.764771600,Germany,4,16,38.28,23.03,2.1399999999999997,3.29,1.64,20108,201,ITEM 20108,0,,0.0,3.670715483486265,4.0,2.00609756097561,0.601619644723093,2,3,0,5,138,EU,5,0,0,11.780586345728612,417.98251263248955,113.74600000000001,0.0,0.3479816044966786,0.20019785329178413,295.0
503674,24,2011-05-12 04:26:08.257597552,United Kingdom,3,15,49.39,22.85,5.33,9.53,1.89,20055,200,ITEM 20055,1,2011-06-29 14:36:52.969800725,1.0,3.9197927426925068,5.0,5.042328042328042,0.4626442599716542,4,3,0,5,138,UK,5,2,0,3.7496636623982407,388.5078391517597,120.374,0.4,0.05609173435260395,0.2016313677367254,1463.0
502326,385,2011-05-12 08:03:19.225481496,United Kingdom,6,35,155.46,51.300000000000004,4.373333333333334,8.55,1.91,20043,200,ITEM 20043,0,,0.0,5.052800386256934,5.833333333333333,4.476439790575917,0.3299884214588962,8,3,0,5,138,UK,9,2,0,16.813715185418147,467.77965577466114,96.64777777777778,0.2222222222222222,-0.2918397872694034,0.2016313677367254,1463.0
502204,449,2011-05-12 21:49:19.856962232,United Kingdom,2,13,62.15,49.23,4.35,5.47,3.23,20079,200,ITEM 20079,0,,0.0,4.1455128487965,6.5,1.693498452012384,0.7921158487530169,21,3,0,5,138,UK,4,1,0,96.52031951321496,430.1132070925627,53.675,0.25,-0.2591166936790923,0.2016313677367254,1463.0
502818,476,2011-05-12 23:06:14.863389824,Germany,6,25,85.9,28.8,4.236666666666667,6.71,1.76,20035,200,ITEM 20035,0,,0.0,4.464758032271346,4.166666666666667,3.8125,0.3352735739231665,23,3,0,5,138,EU,5,1,0,174.72973959721432,372.2441673913826,86.136,0.2,0.04150859183218025,0.2016313677367254,1463.0
503606,194,2011-05-13 00:09:56.155376464,EIRE,5,23,82.11,35.01,3.2880000000000003,6.29,1.74,20068,200,ITEM 20068,0,,0.0,4.420165031564935,4.6,3.6149425287356323,0.4263792473511143,0,4,0,5,139,EU,6,3,0,11.343922427829352,435.0652058831302,72.53166666666667,0.5,-0.04498886414253889,0.2016313677367254,1463.0
500159,188,2011-05-13 04:10:25.242906624,EIRE,6,27,170.91,91.19,5.035,8.29,1.67,20114,201,ITEM 20114,0,,0.0,5.146971084053402,4.5,4.964071856287425,0.5335556725762097,4,4,0,5,139,EU,7,1,0,130.33312189788876,422.7534236108241,114.20428571428572,0.14285714285714285,-0.901852779168753,0.20019785329178413,295.0
503244,379,2011-05-13 07:01:14.462586280,Spain,5,39,201.14,82.17,6.636,14.61,2.54,20052,200,ITEM 20052,0,,0.0,5.3089605266465165,7.8,5.751968503937007,0.4085214278611912,7,4,0,5,139,EU,7,2,0,26.929096924565556,445.83967387681156,86.32428571428571,0.2857142857142857,-0.3398168193172355,0.2016313677367254,1463.0
503977,98,2011-05-13 17:51:39.399255728,United Kingdom,6,26,95.97999999999999,37.5,3.8183333333333334,5.97,1.86,20118,201,ITEM 20118,0,,0.0,4.574504771677206,4.333333333333333,3.2096774193548385,0.3907063971660763,17,4,0,5,139,UK,7,1,0,56.847705190604444,436.17376082976915,81.49428571428572,0.14285714285714285,-0.12970809792843663,0.20019785329178413,295.0
501076,252,2011-05-13 18:08:08.384174928,United Kingdom,4,26,118.92,55.28,4.3175,6.91,2.57,20060,200,ITEM 20060,0,,0.0,4.786824853794342,6.5,2.688715953307393,0.46485031954254963,18,4,0,5,139,UK,5,3,0,95.83419506485134,302.8861092478581,32.012,0.6,-0.3990588235294117,0.2016313677367254,1463.0
501201,180,2011-05-14 04:37:55.988431584,Germany,5,34,141.36,87.34,4.0280000000000005,7.94,1.68,20011,200,ITEM 20011,1,2011-06-10 12:11:54.309698480,6.0,4.958359060641992,6.8,4.726190476190476,0.6178551216751555,4,5,1,5,140,EU,10,2,0,84.33227465266384,373.8383243505176,91.13900000000001,0.2,-0.20127469725940084,0.2016313677367254,1463.0
